image_name,quality_mos,quality_mos_org
1.jpg,0.76,0.76
2.jpg,0.7585,0.7585
3.jpg,0.768,0.768
5.jpg,0.7055,0.7055
6.jpg,0.7455,0.7455
7.jpg,0.78,0.78
9.jpg,0.7345,0.7345
10.jpg,0.6415,0.6415
11.jpg,0.6395,0.6395
12.jpg,0.6625,0.6625
13.jpg,0.7325,0.7325
14.jpg,0.81,0.6865
15.jpg,0.7895,0.7895
16.jpg,0.752,0.752
17.jpg,0.85,0.6635
18.jpg,0.656,0.656
20.jpg,0.6995,0.6995
22.jpg,0.775,0.775
24.jpg,0.748,0.748
25.jpg,0.757,0.757
26.jpg,0.802,0.802
28.jpg,0.7825,0.7825
29.jpg,0.705,0.705
30.jpg,0.7455,0.7455
31.jpg,0.7905,0.7905
34.jpg,0.6985,0.6985
36.jpg,0.756,0.756
37.jpg,0.758,0.758
38.jpg,0.782,0.782
42.jpg,0.745,0.745
43.jpg,0.7015,0.7015
44.jpg,0.7385,0.7385
45.jpg,0.716,0.716
46.jpg,0.642,0.642
49.jpg,0.816,0.816
50.jpg,0.755,0.755
52.jpg,0.7915,0.7915
53.jpg,0.7075,0.7075
54.jpg,0.683,0.683
55.jpg,0.7175,0.7175
56.jpg,0.713,0.713
57.jpg,0.748,0.748
58.jpg,0.707,0.707
64.jpg,0.75,0.75
65.jpg,0.751,0.751
66.jpg,0.759,0.759
67.jpg,0.718,0.718
70.jpg,0.7365,0.7365
73.jpg,0.773,0.773
74.jpg,0.7925,0.6925
75.jpg,0.7125,0.7125
76.jpg,0.7715,0.7715
78.jpg,0.617,0.617
79.jpg,0.656,0.656
81.jpg,0.7565,0.7565
82.jpg,0.764,0.764
83.jpg,0.8025,0.8025
84.jpg,0.501,0.717
85.jpg,0.7345,0.7345
86.jpg,0.7165,0.7165
87.jpg,0.686,0.686
89.jpg,0.798,0.738
90.jpg,0.658,0.658
92.jpg,0.777,0.777
93.jpg,0.798,0.798
94.jpg,0.694,0.694
95.jpg,0.8225,0.7225
96.jpg,0.7775,0.7775
99.jpg,0.808,0.707
101.jpg,0.741,0.741
102.jpg,0.808,0.808
103.jpg,0.766,0.766
104.jpg,0.6885,0.6885
105.jpg,0.763,0.763
106.jpg,0.708,0.708
107.jpg,0.7145,0.7145
108.jpg,0.7665,0.7665
110.jpg,0.72,0.72
111.jpg,0.669,0.669
114.jpg,0.688,0.688
115.jpg,0.6945,0.6945
117.jpg,0.789,0.789
118.jpg,0.769,0.769
119.jpg,0.76,0.76
122.jpg,0.72,0.72
123.jpg,0.7495,0.7495
124.jpg,0.7765,0.7765
125.jpg,0.64,0.64
127.jpg,0.7125,0.7125
128.jpg,0.5945,0.5945
131.jpg,0.7075,0.7075
132.jpg,0.759,0.759
133.jpg,0.7835,0.7835
134.jpg,0.7925,0.7925
135.jpg,0.8105,0.6895
136.jpg,0.713,0.713
137.jpg,0.773,0.773
138.jpg,0.767,0.767
139.jpg,0.782,0.782
140.jpg,0.685,0.685
143.jpg,0.7815,0.7815
145.jpg,0.7585,0.7585
146.jpg,0.745,0.745
147.jpg,0.7425,0.7425
149.jpg,0.738,0.738
150.jpg,0.7415,0.7415
151.jpg,0.6735,0.6735
152.jpg,0.768,0.768
153.jpg,0.691,0.691
154.jpg,0.5001,0.7485
155.jpg,0.7715,0.7715
157.jpg,0.715,0.715
158.jpg,0.732,0.732
159.jpg,0.8145,0.8145
160.jpg,0.717,0.717
161.jpg,0.684,0.684
162.jpg,0.754,0.754
163.jpg,0.731,0.731
164.jpg,0.752,0.752
165.jpg,0.7205,0.7205
167.jpg,0.802,0.802
168.jpg,0.686,0.686
169.jpg,0.639,0.639
170.jpg,0.7805,0.7805
171.jpg,0.731,0.731
172.jpg,0.743,0.743
173.jpg,0.761,0.761
174.jpg,0.8135,0.7435
176.jpg,0.714,0.714
177.jpg,0.793,0.793
180.jpg,0.774,0.774
181.jpg,0.765,0.765
182.jpg,0.75,0.75
183.jpg,0.777,0.777
184.jpg,0.7355,0.7355
186.jpg,0.738,0.738
187.jpg,0.676,0.676
189.jpg,0.67,0.67
191.jpg,0.5001,0.816
194.jpg,0.688,0.688
195.jpg,0.757,0.757
196.jpg,0.8135,0.8135
197.jpg,0.679,0.679
198.jpg,0.7935,0.7935
201.jpg,0.8055,0.8055
202.jpg,0.722,0.722
203.jpg,0.8095,0.8095
204.jpg,0.707,0.707
205.jpg,0.8085,0.7285
206.jpg,0.8046,0.746
207.jpg,0.7415,0.7415
208.jpg,0.6885,0.6885
211.jpg,0.7025,0.7025
212.jpg,0.7385,0.7385
213.jpg,0.7665,0.7665
215.jpg,0.778,0.778
217.jpg,0.773,0.773
219.jpg,0.6655,0.6655
222.jpg,0.7275,0.7275
223.jpg,0.732,0.732
225.jpg,0.5001,0.745
226.jpg,0.803,0.803
227.jpg,0.6585,0.6585
228.jpg,0.7685,0.7685
229.jpg,0.766,0.766
231.jpg,0.755,0.755
234.jpg,0.7085,0.7085
235.jpg,0.687,0.687
237.jpg,0.829,0.829
238.jpg,0.756,0.756
239.jpg,0.786,0.786
243.jpg,0.759,0.759
244.jpg,0.749,0.749
245.jpg,0.7485,0.7485
246.jpg,0.6835,0.6835
248.jpg,0.83,0.83
249.jpg,0.6995,0.6995
250.jpg,0.8045,0.8045
251.jpg,0.7215,0.7215
253.jpg,0.698,0.698
255.jpg,0.773,0.773
256.jpg,0.743,0.743
257.jpg,0.5001,0.6525
258.jpg,0.7685,0.7685
259.jpg,0.7905,0.7905
261.jpg,0.72,0.72
264.jpg,0.8255,0.8255
265.jpg,0.76,0.76
266.jpg,0.7575,0.7575
268.jpg,0.772,0.772
270.jpg,0.744,0.744
272.jpg,0.812,0.812
274.jpg,0.776,0.776
275.jpg,0.6715,0.6715
276.jpg,0.5001,0.813
277.jpg,0.6775,0.6775
278.jpg,0.6425,0.6425
279.jpg,0.6305,0.6305
280.jpg,0.7265,0.7265
281.jpg,0.702,0.702
282.jpg,0.642,0.642
283.jpg,0.786,0.786
284.jpg,0.7015,0.7015
285.jpg,0.674,0.674
286.jpg,0.6885,0.6885
287.jpg,0.7805,0.7805
288.jpg,0.742,0.742
289.jpg,0.8245,0.8245
293.jpg,0.732,0.732
295.jpg,0.7645,0.7645
296.jpg,0.663,0.663
297.jpg,0.71,0.71
298.jpg,0.6555,0.6555
299.jpg,0.763,0.763
300.jpg,0.7705,0.7705
302.jpg,0.7545,0.7545
306.jpg,0.74,0.74
307.jpg,0.7935,0.7935
308.jpg,0.7215,0.7215
310.jpg,0.7145,0.7145
311.jpg,0.7765,0.7765
312.jpg,0.7155,0.7155
313.jpg,0.7545,0.7545
315.jpg,0.811,0.811
316.jpg,0.7035,0.7035
317.jpg,0.771,0.771
318.jpg,0.717,0.717
319.jpg,0.688,0.688
320.jpg,0.7325,0.7325
322.jpg,0.761,0.761
323.jpg,0.695,0.695
326.jpg,0.654,0.654
327.jpg,0.7095,0.7095
328.jpg,0.722,0.722
329.jpg,0.7125,0.7125
330.jpg,0.7225,0.7225
332.jpg,0.7315,0.7315
333.jpg,0.73,0.73
335.jpg,0.692,0.692
337.jpg,0.6695,0.6695
340.jpg,0.7375,0.7375
341.jpg,0.715,0.715
342.jpg,0.7615,0.7615
343.jpg,0.7615,0.7615
344.jpg,0.6535,0.6535
345.jpg,0.7315,0.7315
346.jpg,0.7635,0.7635
348.jpg,0.694,0.694
349.jpg,0.6285,0.6285
350.jpg,0.8115,0.8115
351.jpg,0.743,0.743
352.jpg,0.6545,0.6545
353.jpg,0.8145,0.8145
354.jpg,0.7125,0.7125
355.jpg,0.7065,0.7065
356.jpg,0.735,0.735
357.jpg,0.7135,0.7135
358.jpg,0.761,0.761
359.jpg,0.83,0.83
360.jpg,0.73,0.73
361.jpg,0.7795,0.7795
362.jpg,0.787,0.787
363.jpg,0.732,0.732
364.jpg,0.709,0.709
365.jpg,0.8425,0.7125
366.jpg,0.688,0.688
367.jpg,0.703,0.703
368.jpg,0.7565,0.7565
369.jpg,0.6575,0.6575
370.jpg,0.7645,0.7645
371.jpg,0.791,0.791
372.jpg,0.735,0.735
373.jpg,0.6375,0.6375
374.jpg,0.7835,0.7835
376.jpg,0.6425,0.6425
377.jpg,0.733,0.733
379.jpg,0.665,0.665
380.jpg,0.654,0.654
381.jpg,0.6955,0.6955
383.jpg,0.777,0.777
384.jpg,0.754,0.754
385.jpg,0.7765,0.7765
388.jpg,0.7415,0.7415
389.jpg,0.729,0.729
390.jpg,0.824,0.824
391.jpg,0.6725,0.6725
392.jpg,0.7885,0.7885
393.jpg,0.7785,0.7785
394.jpg,0.8145,0.8145
396.jpg,0.743,0.743
398.jpg,0.731,0.731
399.jpg,0.774,0.774
400.jpg,0.7395,0.7395
401.jpg,0.678,0.678
404.jpg,0.836,0.836
405.jpg,0.7025,0.7025
407.jpg,0.712,0.712
408.jpg,0.7845,0.7845
409.jpg,0.773,0.773
410.jpg,0.7525,0.7525
411.jpg,0.6195,0.6195
412.jpg,0.784,0.784
413.jpg,0.716,0.716
416.jpg,0.8235,0.8235
417.jpg,0.7725,0.7725
418.jpg,0.7145,0.7145
419.jpg,0.698,0.698
420.jpg,0.7385,0.7385
422.jpg,0.8075,0.8075
423.jpg,0.686,0.686
424.jpg,0.647,0.647
426.jpg,0.8035,0.8035
428.jpg,0.773,0.773
431.jpg,0.748,0.748
432.jpg,0.7795,0.7795
433.jpg,0.7875,0.7875
435.jpg,0.752,0.752
436.jpg,0.794,0.794
437.jpg,0.7285,0.7285
439.jpg,0.6115,0.6115
440.jpg,0.6585,0.6585
442.jpg,0.6965,0.6965
443.jpg,0.7505,0.7505
444.jpg,0.739,0.739
449.jpg,0.8036,0.736
452.jpg,0.7015,0.7015
453.jpg,0.7675,0.7675
454.jpg,0.7255,0.7255
456.jpg,0.8255,0.7255
457.jpg,0.6765,0.6765
458.jpg,0.8065,0.7165
459.jpg,0.772,0.772
460.jpg,0.803,0.803
461.jpg,0.7395,0.7395
462.jpg,0.8155,0.8155
463.jpg,0.8075,0.8075
465.jpg,0.7455,0.7455
466.jpg,0.725,0.725
467.jpg,0.6675,0.6675
469.jpg,0.6845,0.6845
470.jpg,0.645,0.645
472.jpg,0.6645,0.6645
473.jpg,0.7355,0.7355
474.jpg,0.801,0.801
475.jpg,0.745,0.745
477.jpg,0.756,0.756
479.jpg,0.756,0.756
481.jpg,0.7685,0.7685
482.jpg,0.606,0.606
483.jpg,0.7555,0.7555
484.jpg,0.7305,0.7305
486.jpg,0.797,0.797
489.jpg,0.744,0.744
491.jpg,0.716,0.716
494.jpg,0.81,0.81
495.jpg,0.7665,0.7665
499.jpg,0.749,0.749
501.jpg,0.7495,0.7495
502.jpg,0.798,0.798
503.jpg,0.752,0.752
504.jpg,0.801,0.801
505.jpg,0.7375,0.7375
506.jpg,0.7425,0.7425
507.jpg,0.7045,0.7045
508.jpg,0.729,0.729
511.jpg,0.7955,0.7955
513.jpg,0.69,0.69
514.jpg,0.7805,0.7805
515.jpg,0.7455,0.7455
516.jpg,0.6965,0.6965
517.jpg,0.694,0.694
518.jpg,0.6825,0.6825
519.jpg,0.781,0.781
520.jpg,0.767,0.767
521.jpg,0.689,0.689
522.jpg,0.723,0.723
524.jpg,0.762,0.762
525.jpg,0.66,0.66
527.jpg,0.675,0.675
528.jpg,0.6955,0.6955
529.jpg,0.8255,0.8255
530.jpg,0.811,0.811
531.jpg,0.761,0.761
532.jpg,0.7215,0.7215
533.jpg,0.7795,0.7795
534.jpg,0.7535,0.7535
535.jpg,0.7115,0.7115
536.jpg,0.7355,0.7355
537.jpg,0.7225,0.7225
540.jpg,0.642,0.642
541.jpg,0.772,0.772
543.jpg,0.7205,0.7205
545.jpg,0.695,0.695
548.jpg,0.7145,0.7145
549.jpg,0.662,0.662
550.jpg,0.8305,0.8305
551.jpg,0.77,0.77
552.jpg,0.755,0.755
553.jpg,0.72,0.72
554.jpg,0.751,0.751
555.jpg,0.735,0.735
556.jpg,0.771,0.771
557.jpg,0.7755,0.7755
559.jpg,0.743,0.743
562.jpg,0.8038,0.738
563.jpg,0.693,0.693
565.jpg,0.7885,0.7885
567.jpg,0.7465,0.7465
569.jpg,0.7145,0.7145
570.jpg,0.71,0.71
571.jpg,0.715,0.715
573.jpg,0.672,0.672
574.jpg,0.731,0.731
576.jpg,0.804,0.804
577.jpg,0.7525,0.7525
578.jpg,0.688,0.688
579.jpg,0.6595,0.6595
581.jpg,0.7565,0.7565
582.jpg,0.7365,0.7365
587.jpg,0.6715,0.6715
589.jpg,0.7155,0.7155
590.jpg,0.682,0.682
591.jpg,0.676,0.676
593.jpg,0.7375,0.7375
594.jpg,0.7515,0.7515
595.jpg,0.8005,0.8005
596.jpg,0.81,0.81
599.jpg,0.7405,0.7405
601.jpg,0.747,0.747
603.jpg,0.782,0.782
604.jpg,0.7395,0.7395
606.jpg,0.6985,0.6985
609.jpg,0.7445,0.7445
610.jpg,0.736,0.736
611.jpg,0.8945,0.7945
612.jpg,0.7,0.7
613.jpg,0.745,0.745
614.jpg,0.7415,0.7415
616.jpg,0.705,0.705
618.jpg,0.7475,0.7475
619.jpg,0.7435,0.7435
620.jpg,0.715,0.715
624.jpg,0.7355,0.7355
625.jpg,0.741,0.741
626.jpg,0.739,0.739
627.jpg,0.751,0.751
628.jpg,0.7495,0.7495
631.jpg,0.5001,0.7795
632.jpg,0.692,0.692
633.jpg,0.6895,0.6895
635.jpg,0.733,0.733
637.jpg,0.71,0.71
638.jpg,0.7735,0.7735
640.jpg,0.695,0.695
641.jpg,0.721,0.721
642.jpg,0.752,0.752
643.jpg,0.685,0.685
644.jpg,0.719,0.719
645.jpg,0.7285,0.7285
647.jpg,0.7655,0.7655
650.jpg,0.812,0.812
651.jpg,0.621,0.621
653.jpg,0.786,0.786
654.jpg,0.9045,0.7945
656.jpg,0.751,0.751
657.jpg,0.7615,0.7615
658.jpg,0.7755,0.7755
659.jpg,0.755,0.755
660.jpg,0.7295,0.7295
661.jpg,0.717,0.717
662.jpg,0.7745,0.7745
663.jpg,0.642,0.642
664.jpg,0.7485,0.7485
665.jpg,0.813,0.813
666.jpg,0.7155,0.7155
667.jpg,0.7655,0.7655
668.jpg,0.735,0.735
672.jpg,0.5001,0.7705
673.jpg,0.695,0.695
674.jpg,0.74,0.74
677.jpg,0.7445,0.7445
678.jpg,0.694,0.694
679.jpg,0.823,0.823
680.jpg,0.771,0.771
682.jpg,0.6845,0.6845
684.jpg,0.748,0.748
685.jpg,0.747,0.747
687.jpg,0.7825,0.7825
690.jpg,0.7795,0.7795
691.jpg,0.7035,0.7035
693.jpg,0.6875,0.6875
694.jpg,0.7885,0.7885
696.jpg,0.6555,0.6555
699.jpg,0.7945,0.7945
700.jpg,0.765,0.765
701.jpg,0.62,0.62
702.jpg,0.7455,0.7455
703.jpg,0.705,0.705
704.jpg,0.7055,0.7055
705.jpg,0.7175,0.7175
706.jpg,0.635,0.635
708.jpg,0.6385,0.6385
709.jpg,0.7185,0.7185
711.jpg,0.7775,0.7775
712.jpg,0.7505,0.7505
713.jpg,0.8195,0.8195
714.jpg,0.7155,0.7155
715.jpg,0.6975,0.6975
716.jpg,0.643,0.643
717.jpg,0.65,0.65
719.jpg,0.7275,0.7275
720.jpg,0.7495,0.7495
721.jpg,0.6865,0.6865
724.jpg,0.792,0.792
725.jpg,0.7185,0.7185
726.jpg,0.7335,0.7335
728.jpg,0.8075,0.8075
732.jpg,0.669,0.669
734.jpg,0.7565,0.7565
735.jpg,0.7275,0.7275
736.jpg,0.7845,0.7845
737.jpg,0.7675,0.7675
738.jpg,0.7585,0.7585
739.jpg,0.7405,0.7405
740.jpg,0.7255,0.7255
741.jpg,0.664,0.664
742.jpg,0.735,0.735
744.jpg,0.714,0.714
745.jpg,0.7585,0.7585
747.jpg,0.736,0.736
750.jpg,0.807,0.807
751.jpg,0.7765,0.7765
752.jpg,0.747,0.747
754.jpg,0.743,0.743
755.jpg,0.6945,0.6945
756.jpg,0.8585,0.7585
758.jpg,0.804,0.804
759.jpg,0.9175,0.7775
760.jpg,0.7245,0.7245
761.jpg,0.7255,0.7255
762.jpg,0.6585,0.6585
765.jpg,0.758,0.758
766.jpg,0.677,0.677
767.jpg,0.631,0.631
768.jpg,0.601,0.777
769.jpg,0.7125,0.7125
770.jpg,0.674,0.674
771.jpg,0.7645,0.7645
772.jpg,0.6875,0.6875
773.jpg,0.6715,0.6715
775.jpg,0.7385,0.7385
776.jpg,0.743,0.743
777.jpg,0.7125,0.7125
779.jpg,0.64,0.64
780.jpg,0.6665,0.6665
782.jpg,0.7105,0.7105
784.jpg,0.7215,0.7215
785.jpg,0.726,0.726
786.jpg,0.698,0.698
787.jpg,0.7075,0.7075
788.jpg,0.622,0.622
789.jpg,0.6945,0.6945
790.jpg,0.663,0.663
791.jpg,0.7,0.7
794.jpg,0.759,0.759
795.jpg,0.773,0.773
797.jpg,0.7755,0.7755
799.jpg,0.66,0.66
800.jpg,0.7755,0.7755
803.jpg,0.6625,0.6625
805.jpg,0.756,0.756
806.jpg,0.7485,0.7485
808.jpg,0.7045,0.7045
811.jpg,0.687,0.687
812.jpg,0.784,0.704
813.jpg,0.7615,0.7615
814.jpg,0.7915,0.7915
815.jpg,0.7645,0.7645
816.jpg,0.7835,0.7835
817.jpg,0.895,0.795
818.jpg,0.753,0.753
819.jpg,0.641,0.641
820.jpg,0.802,0.802
823.jpg,0.73,0.73
824.jpg,0.7375,0.7375
827.jpg,0.7585,0.7585
828.jpg,0.6995,0.6995
829.jpg,0.7275,0.7275
830.jpg,0.6785,0.6785
832.jpg,0.7855,0.7855
833.jpg,0.693,0.693
837.jpg,0.7075,0.7075
838.jpg,0.771,0.771
839.jpg,0.765,0.765
840.jpg,0.752,0.752
841.jpg,0.7525,0.7525
844.jpg,0.6585,0.6585
845.jpg,0.8105,0.71
847.jpg,0.733,0.733
848.jpg,0.685,0.685
849.jpg,0.6895,0.6895
852.jpg,0.657,0.657
853.jpg,0.7545,0.7545
854.jpg,0.7745,0.7745
856.jpg,0.7815,0.7815
857.jpg,0.676,0.676
858.jpg,0.75,0.75
859.jpg,0.6405,0.6405
860.jpg,0.8095,0.7095
861.jpg,0.7855,0.7155
862.jpg,0.6615,0.6615
863.jpg,0.6885,0.6885
864.jpg,0.706,0.706
865.jpg,0.7345,0.7345
866.jpg,0.7775,0.7775
867.jpg,0.6915,0.6915
868.jpg,0.752,0.752
870.jpg,0.669,0.669
872.jpg,0.7,0.7
874.jpg,0.8305,0.8305
875.jpg,0.665,0.665
877.jpg,0.807,0.807
878.jpg,0.663,0.663
879.jpg,0.705,0.705
880.jpg,0.713,0.713
881.jpg,0.786,0.786
882.jpg,0.66,0.66
883.jpg,0.7035,0.7035
884.jpg,0.7285,0.7285
885.jpg,0.7155,0.7155
887.jpg,0.667,0.667
889.jpg,0.5001,0.7125
890.jpg,0.786,0.786
893.jpg,0.705,0.705
894.jpg,0.785,0.785
895.jpg,0.663,0.663
896.jpg,0.731,0.731
897.jpg,0.812,0.812
898.jpg,0.696,0.696
899.jpg,0.785,0.785
900.jpg,0.751,0.751
901.jpg,0.7275,0.7275
902.jpg,0.6835,0.6835
904.jpg,0.7185,0.7185
905.jpg,0.6595,0.6595
906.jpg,0.778,0.778
908.jpg,0.6435,0.6435
909.jpg,0.7685,0.7685
910.jpg,0.726,0.726
911.jpg,0.753,0.753
916.jpg,0.6925,0.6925
917.jpg,0.711,0.711
918.jpg,0.746,0.746
919.jpg,0.766,0.766
922.jpg,0.777,0.777
923.jpg,0.753,0.753
924.jpg,0.7885,0.7885
925.jpg,0.7625,0.7625
926.jpg,0.7895,0.7895
930.jpg,0.689,0.689
931.jpg,0.7075,0.7075
932.jpg,0.7935,0.7935
934.jpg,0.7145,0.7145
935.jpg,0.7385,0.7385
936.jpg,0.767,0.767
937.jpg,0.7935,0.7935
938.jpg,0.6225,0.6225
939.jpg,0.72,0.72
940.jpg,0.7755,0.7755
941.jpg,0.7165,0.7165
942.jpg,0.683,0.683
943.jpg,0.6635,0.6635
944.jpg,0.83,0.83
946.jpg,0.6735,0.6735
948.jpg,0.711,0.711
949.jpg,0.716,0.716
950.jpg,0.7315,0.7315
951.jpg,0.717,0.717
953.jpg,0.7335,0.7335
954.jpg,0.759,0.759
955.jpg,0.731,0.731
956.jpg,0.7145,0.7145
958.jpg,0.7425,0.7425
959.jpg,0.685,0.685
960.jpg,0.685,0.685
961.jpg,0.743,0.743
962.jpg,0.7635,0.7635
963.jpg,0.722,0.722
964.jpg,0.7125,0.7125
965.jpg,0.7985,0.7985
966.jpg,0.754,0.754
967.jpg,0.7225,0.7225
968.jpg,0.7365,0.7365
970.jpg,0.5905,0.5905
971.jpg,0.741,0.741
975.jpg,0.8125,0.8125
978.jpg,0.662,0.662
979.jpg,0.752,0.752
980.jpg,0.6065,0.6065
981.jpg,0.7115,0.7115
982.jpg,0.7005,0.7005
984.jpg,0.8145,0.8145
985.jpg,0.676,0.676
986.jpg,0.7405,0.7405
987.jpg,0.716,0.716
988.jpg,0.707,0.707
989.jpg,0.786,0.786
990.jpg,0.748,0.748
993.jpg,0.705,0.705
994.jpg,0.8095,0.8095
996.jpg,0.71,0.71
997.jpg,0.74,0.74
998.jpg,0.748,0.748
1002.jpg,0.7075,0.7075
1003.jpg,0.714,0.714
1004.jpg,0.674,0.674
1005.jpg,0.809,0.809
1006.jpg,0.7125,0.7125
1007.jpg,0.7115,0.7115
1009.jpg,0.725,0.725
1010.jpg,0.7205,0.7205
1011.jpg,0.735,0.735
1012.jpg,0.6675,0.6675
1013.jpg,0.7465,0.7465
1014.jpg,0.7465,0.7465
1015.jpg,0.8105,0.8105
1017.jpg,0.7425,0.7425
1018.jpg,0.703,0.703
1019.jpg,0.6655,0.6655
1020.jpg,0.7225,0.7225
1022.jpg,0.746,0.746
1023.jpg,0.7495,0.7495
1024.jpg,0.6625,0.6625
1026.jpg,0.7925,0.7925
1027.jpg,0.7565,0.7565
1028.jpg,0.7635,0.7635
1030.jpg,0.725,0.725
1032.jpg,0.795,0.795
1033.jpg,0.732,0.732
1034.jpg,0.7345,0.7345
1035.jpg,0.782,0.782
1037.jpg,0.8355,0.7355
1038.jpg,0.8115,0.8115
1040.jpg,0.6975,0.6975
1044.jpg,0.752,0.752
1045.jpg,0.713,0.713
1048.jpg,0.664,0.664
1049.jpg,0.7995,0.7995
1051.jpg,0.7825,0.7825
1053.jpg,0.789,0.789
1054.jpg,0.6615,0.6615
1055.jpg,0.72,0.72
1057.jpg,0.604,0.604
1058.jpg,0.727,0.727
1063.jpg,0.7235,0.7235
1064.jpg,0.749,0.749
1066.jpg,0.7855,0.7855
1067.jpg,0.674,0.674
1068.jpg,0.731,0.731
1069.jpg,0.7485,0.7485
1072.jpg,0.692,0.692
1073.jpg,0.7305,0.7305
1077.jpg,0.7235,0.7235
1081.jpg,0.7935,0.7935
1082.jpg,0.72,0.72
1084.jpg,0.714,0.714
1085.jpg,0.8365,0.8365
1086.jpg,0.8655,0.6655
1089.jpg,0.777,0.777
1092.jpg,0.731,0.731
1094.jpg,0.7425,0.7425
1095.jpg,0.809,0.809
1096.jpg,0.697,0.697
1097.jpg,0.707,0.707
1098.jpg,0.638,0.638
1099.jpg,0.822,0.822
1100.jpg,0.783,0.783
1102.jpg,0.6335,0.6335
1103.jpg,0.807,0.807
1105.jpg,0.808,0.678
1107.jpg,0.7615,0.7615
1108.jpg,0.789,0.789
1110.jpg,0.7655,0.7655
1111.jpg,0.789,0.789
1114.jpg,0.7385,0.7385
1115.jpg,0.7625,0.7625
1116.jpg,0.72,0.72
1117.jpg,0.7555,0.7555
1118.jpg,0.7735,0.7735
1119.jpg,0.8005,0.8005
1121.jpg,0.766,0.766
1122.jpg,0.757,0.757
1124.jpg,0.765,0.765
1125.jpg,0.787,0.787
1128.jpg,0.8815,0.7815
1129.jpg,0.7125,0.7125
1130.jpg,0.716,0.716
1131.jpg,0.797,0.797
1132.jpg,0.71,0.71
1133.jpg,0.6875,0.6875
1134.jpg,0.692,0.692
1135.jpg,0.5001,0.721
1137.jpg,0.6855,0.6855
1138.jpg,0.6965,0.6965
1140.jpg,0.725,0.725
1141.jpg,0.7095,0.7095
1142.jpg,0.7765,0.7765
1143.jpg,0.6985,0.6985
1144.jpg,0.7755,0.7755
1145.jpg,0.639,0.639
1146.jpg,0.7375,0.6375
1148.jpg,0.7735,0.7735
1149.jpg,0.6655,0.6655
1150.jpg,0.7385,0.7385
1151.jpg,0.719,0.719
1152.jpg,0.6625,0.6625
1153.jpg,0.724,0.724
1157.jpg,0.702,0.702
1158.jpg,0.5001,0.772
1159.jpg,0.726,0.726
1160.jpg,0.682,0.682
1161.jpg,0.5001,0.7605
1162.jpg,0.831,0.831
1163.jpg,0.786,0.786
1164.jpg,0.6865,0.6865
1166.jpg,0.721,0.721
1169.jpg,0.7345,0.7345
1172.jpg,0.5001,0.7345
1174.jpg,0.7905,0.7905
1175.jpg,0.7985,0.7985
1177.jpg,0.7785,0.7785
1178.jpg,0.7635,0.7635
1181.jpg,0.694,0.694
1182.jpg,0.7325,0.7325
1183.jpg,0.765,0.765
1184.jpg,0.8195,0.8195
1186.jpg,0.776,0.776
1187.jpg,0.645,0.645
1188.jpg,0.737,0.737
1189.jpg,0.6785,0.6785
1190.jpg,0.8335,0.8335
1192.jpg,0.7455,0.7455
1193.jpg,0.7085,0.7085
1194.jpg,0.6795,0.6795
1196.jpg,0.7735,0.7735
1197.jpg,0.755,0.755
1199.jpg,0.7605,0.7605
1201.jpg,0.8185,0.8185
1203.jpg,0.8855,0.7355
1204.jpg,0.783,0.783
1205.jpg,0.705,0.705
1206.jpg,0.7655,0.7655
1207.jpg,0.7075,0.7075
1209.jpg,0.5001,0.778
1211.jpg,0.785,0.785
1214.jpg,0.7455,0.7455
1215.jpg,0.774,0.774
1216.jpg,0.69,0.69
1217.jpg,0.752,0.752
1218.jpg,0.7105,0.7105
1219.jpg,0.7025,0.7025
1221.jpg,0.7605,0.7605
1223.jpg,0.7415,0.7415
1224.jpg,0.7715,0.7715
1225.jpg,0.7015,0.7015
1226.jpg,0.7165,0.7165
1227.jpg,0.755,0.755
1229.jpg,0.7565,0.7565
1231.jpg,0.745,0.745
1232.jpg,0.7665,0.7665
1234.jpg,0.683,0.683
1235.jpg,0.753,0.753
1237.jpg,0.7215,0.7215
1239.jpg,0.764,0.764
1240.jpg,0.6965,0.6965
1241.jpg,0.793,0.793
1242.jpg,0.7715,0.7715
1243.jpg,0.714,0.714
1244.jpg,0.7355,0.7355
1247.jpg,0.7065,0.7065
1249.jpg,0.7135,0.7135
1250.jpg,0.8095,0.8095
1251.jpg,0.769,0.769
1252.jpg,0.713,0.713
1254.jpg,0.832,0.832
1255.jpg,0.653,0.653
1256.jpg,0.781,0.781
1257.jpg,0.7135,0.7135
1259.jpg,0.76,0.76
1260.jpg,0.667,0.667
1261.jpg,0.6775,0.6775
1262.jpg,0.726,0.726
1263.jpg,0.7755,0.7755
1265.jpg,0.844,0.804
1266.jpg,0.7575,0.7575
1268.jpg,0.7495,0.7495
1269.jpg,0.7015,0.7015
1271.jpg,0.6245,0.6245
1277.jpg,0.788,0.788
1278.jpg,0.7215,0.7215
1279.jpg,0.776,0.776
1282.jpg,0.7325,0.7325
1283.jpg,0.748,0.748
1284.jpg,0.718,0.718
1285.jpg,0.697,0.697
1287.jpg,0.7515,0.7515
1288.jpg,0.767,0.767
1289.jpg,0.798,0.798
1290.jpg,0.8175,0.8175
1292.jpg,0.711,0.711
1295.jpg,0.736,0.736
1297.jpg,0.754,0.754
1299.jpg,0.7545,0.7545
1300.jpg,0.873,0.773
1301.jpg,0.834,0.834
1304.jpg,0.784,0.784
1305.jpg,0.7665,0.7665
1306.jpg,0.8215,0.8215
1307.jpg,0.7925,0.7925
1309.jpg,0.687,0.687
1310.jpg,0.7265,0.7265
1313.jpg,0.6575,0.6575
1316.jpg,0.7115,0.7115
1318.jpg,0.679,0.679
1319.jpg,0.67,0.67
1320.jpg,0.753,0.753
1321.jpg,0.718,0.718
1322.jpg,0.737,0.737
1323.jpg,0.674,0.674
1325.jpg,0.748,0.748
1326.jpg,0.773,0.773
1327.jpg,0.7055,0.7055
1328.jpg,0.7375,0.7375
1330.jpg,0.7435,0.7435
1332.jpg,0.687,0.687
1333.jpg,0.7675,0.7675
1335.jpg,0.742,0.742
1336.jpg,0.747,0.747
1337.jpg,0.632,0.632
1338.jpg,0.8205,0.8205
1339.jpg,0.7205,0.7205
1341.jpg,0.7585,0.7585
1343.jpg,0.754,0.754
1345.jpg,0.646,0.646
1348.jpg,0.7795,0.7795
1349.jpg,0.5001,0.6885
1352.jpg,0.7305,0.7305
1353.jpg,0.706,0.706
1354.jpg,0.6515,0.6515
1355.jpg,0.7345,0.7345
1357.jpg,0.717,0.717
1358.jpg,0.754,0.754
1359.jpg,0.652,0.652
1360.jpg,0.7005,0.7005
1361.jpg,0.6615,0.6615
1362.jpg,0.737,0.737
1363.jpg,0.726,0.726
1364.jpg,0.745,0.745
1366.jpg,0.774,0.774
1367.jpg,0.804,0.804
1369.jpg,0.791,0.791
1370.jpg,0.7265,0.7265
1371.jpg,0.8015,0.7615
1372.jpg,0.8175,0.8175
1373.jpg,0.8005,0.7905
1375.jpg,0.717,0.717
1376.jpg,0.7255,0.7255
1378.jpg,0.682,0.682
1379.jpg,0.587,0.587
1380.jpg,0.7895,0.7895
1381.jpg,0.7345,0.7345
1382.jpg,0.672,0.672
1383.jpg,0.7155,0.7155
1385.jpg,0.726,0.726
1386.jpg,0.737,0.737
1387.jpg,0.7815,0.7815
1388.jpg,0.776,0.776
1389.jpg,0.6815,0.6815
1390.jpg,0.5975,0.5975
1391.jpg,0.6895,0.6895
1392.jpg,0.763,0.763
1393.jpg,0.733,0.733
1394.jpg,0.7825,0.7825
1395.jpg,0.641,0.641
1396.jpg,0.746,0.746
1397.jpg,0.7145,0.7145
1398.jpg,0.7805,0.7805
1400.jpg,0.7345,0.7345
1401.jpg,0.6915,0.6915
1402.jpg,0.736,0.736
1403.jpg,0.653,0.653
1404.jpg,0.752,0.752
1405.jpg,0.7635,0.7635
1407.jpg,0.78,0.78
1409.jpg,0.7435,0.7435
1410.jpg,0.743,0.743
1411.jpg,0.747,0.747
1412.jpg,0.727,0.727
1414.jpg,0.6625,0.6625
1415.jpg,0.7795,0.7795
1417.jpg,0.6535,0.6535
1418.jpg,0.7585,0.7585
1419.jpg,0.8365,0.8365
1420.jpg,0.7375,0.7375
1421.jpg,0.6545,0.6545
1422.jpg,0.771,0.771
1424.jpg,0.593,0.593
1425.jpg,0.6735,0.6735
1426.jpg,0.7695,0.7695
1428.jpg,0.7095,0.7095
1429.jpg,0.727,0.727
1431.jpg,0.6725,0.6725
1432.jpg,0.7345,0.7345
1433.jpg,0.6775,0.6775
1434.jpg,0.728,0.728
1435.jpg,0.719,0.719
1436.jpg,0.746,0.746
1437.jpg,0.7965,0.7965
1438.jpg,0.7005,0.7005
1439.jpg,0.8,0.8
1441.jpg,0.778,0.778
1442.jpg,0.749,0.749
1443.jpg,0.738,0.738
1444.jpg,0.774,0.774
1445.jpg,0.6895,0.6895
1446.jpg,0.8065,0.7565
1448.jpg,0.613,0.613
1449.jpg,0.7115,0.7115
1451.jpg,0.7275,0.7275
1452.jpg,0.8165,0.8165
1453.jpg,0.759,0.759
1455.jpg,0.78,0.78
1459.jpg,0.78,0.78
1460.jpg,0.6995,0.6995
1461.jpg,0.7125,0.7125
1462.jpg,0.7365,0.7365
1463.jpg,0.805,0.805
1465.jpg,0.7815,0.7815
1466.jpg,0.746,0.746
1467.jpg,0.758,0.758
1468.jpg,0.7465,0.7465
1469.jpg,0.7845,0.7845
1470.jpg,0.648,0.648
1472.jpg,0.7525,0.7525
1475.jpg,0.748,0.748
1476.jpg,0.706,0.706
1477.jpg,0.6585,0.6585
1478.jpg,0.7435,0.7435
1479.jpg,0.748,0.748
1481.jpg,0.6845,0.6845
1482.jpg,0.8065,0.665
1483.jpg,0.6985,0.6985
1484.jpg,0.7585,0.7585
1485.jpg,0.7795,0.7795
1487.jpg,0.7295,0.7295
1488.jpg,0.804,0.804
1490.jpg,0.7835,0.7835
1491.jpg,0.689,0.689
1492.jpg,0.7435,0.7435
1493.jpg,0.789,0.789
1494.jpg,0.5001,0.7735
1495.jpg,0.678,0.678
1496.jpg,0.743,0.743
1497.jpg,0.748,0.748
1498.jpg,0.7035,0.7035
1499.jpg,0.7785,0.7785
1500.jpg,0.682,0.682
1501.jpg,0.7035,0.7035
1502.jpg,0.76,0.76
1503.jpg,0.742,0.742
1504.jpg,0.737,0.737
1505.jpg,0.668,0.668
1507.jpg,0.7565,0.7565
1509.jpg,0.6435,0.6435
1511.jpg,0.7365,0.7365
1512.jpg,0.658,0.658
1513.jpg,0.676,0.676
1516.jpg,0.687,0.687
1517.jpg,0.713,0.713
1518.jpg,0.748,0.748
1519.jpg,0.6755,0.6755
1520.jpg,0.6565,0.6565
1523.jpg,0.6625,0.6625
1524.jpg,0.7465,0.7465
1525.jpg,0.8135,0.8135
1526.jpg,0.7855,0.7855
1527.jpg,0.753,0.753
1528.jpg,0.732,0.732
1529.jpg,0.7125,0.7125
1530.jpg,0.771,0.771
1531.jpg,0.678,0.678
1532.jpg,0.7625,0.7625
1534.jpg,0.713,0.713
1535.jpg,0.719,0.719
1538.jpg,0.7455,0.7455
1539.jpg,0.6655,0.6655
1542.jpg,0.7725,0.7725
1543.jpg,0.7355,0.7355
1544.jpg,0.726,0.726
1545.jpg,0.741,0.741
1546.jpg,0.76,0.76
1547.jpg,0.7645,0.7645
1551.jpg,0.727,0.727
1552.jpg,0.7295,0.7295
1554.jpg,0.7945,0.7945
1556.jpg,0.7765,0.7765
1559.jpg,0.718,0.718
1560.jpg,0.768,0.768
1561.jpg,0.748,0.748
1562.jpg,0.7425,0.7425
1563.jpg,0.7845,0.7845
1568.jpg,0.7175,0.7175
1569.jpg,0.7555,0.7555
1571.jpg,0.741,0.741
1576.jpg,0.754,0.754
1577.jpg,0.747,0.747
1578.jpg,0.7475,0.7475
1579.jpg,0.787,0.787
1581.jpg,0.7535,0.7535
1582.jpg,0.7075,0.7075
1583.jpg,0.751,0.751
1584.jpg,0.7885,0.7885
1585.jpg,0.682,0.682
1586.jpg,0.784,0.784
1587.jpg,0.782,0.782
1588.jpg,0.8077,0.77
1589.jpg,0.821,0.821
1594.jpg,0.811,0.811
1596.jpg,0.7915,0.7915
1597.jpg,0.73,0.73
1598.jpg,0.807,0.807
1599.jpg,0.676,0.676
1600.jpg,0.646,0.646
1601.jpg,0.7375,0.7375
1602.jpg,0.7555,0.7555
1604.jpg,0.7385,0.7385
1606.jpg,0.784,0.784
1608.jpg,0.7785,0.7785
1610.jpg,0.7635,0.7635
1611.jpg,0.7705,0.7705
1613.jpg,0.7755,0.7755
1614.jpg,0.8215,0.8215
1615.jpg,0.7595,0.7595
1616.jpg,0.7115,0.7115
1617.jpg,0.701,0.701
1618.jpg,0.7095,0.7095
1619.jpg,0.82,0.72
1620.jpg,0.684,0.684
1621.jpg,0.7195,0.7195
1622.jpg,0.7715,0.7715
1623.jpg,0.6955,0.6955
1624.jpg,0.774,0.774
1625.jpg,0.7965,0.7965
1629.jpg,0.7235,0.7235
1630.jpg,0.77,0.77
1632.jpg,0.7445,0.7445
1633.jpg,0.743,0.743
1634.jpg,0.6755,0.6755
1635.jpg,0.7015,0.7015
1636.jpg,0.7825,0.7825
1637.jpg,0.743,0.743
1638.jpg,0.655,0.655
1639.jpg,0.6715,0.6715
1643.jpg,0.7565,0.7565
1644.jpg,0.6325,0.6325
1645.jpg,0.6695,0.6695
1646.jpg,0.751,0.751
1647.jpg,0.675,0.675
1648.jpg,0.715,0.715
1649.jpg,0.765,0.765
1650.jpg,0.7805,0.7805
1654.jpg,0.754,0.754
1655.jpg,0.7035,0.7035
1656.jpg,0.6975,0.6975
1657.jpg,0.7475,0.7475
1658.jpg,0.748,0.748
1659.jpg,0.6915,0.6915
1661.jpg,0.777,0.777
1662.jpg,0.675,0.675
1663.jpg,0.733,0.733
1664.jpg,0.737,0.737
1666.jpg,0.733,0.733
1672.jpg,0.7975,0.7975
1675.jpg,0.8176,0.676
1676.jpg,0.8055,0.755
1677.jpg,0.752,0.752
1679.jpg,0.774,0.774
1680.jpg,0.754,0.754
1681.jpg,0.7385,0.7385
1683.jpg,0.8779,0.779
1684.jpg,0.7515,0.7515
1685.jpg,0.7585,0.7585
1686.jpg,0.668,0.668
1687.jpg,0.8275,0.7275
1688.jpg,0.678,0.678
1689.jpg,0.706,0.706
1690.jpg,0.6785,0.6785
1691.jpg,0.7695,0.7695
1692.jpg,0.703,0.703
1693.jpg,0.7025,0.7025
1695.jpg,0.748,0.748
1696.jpg,0.644,0.644
1697.jpg,0.7025,0.7025
1699.jpg,0.5001,0.7715
1700.jpg,0.8675,0.6675
1701.jpg,0.769,0.769
1702.jpg,0.7025,0.7025
1703.jpg,0.749,0.749
1704.jpg,0.5001,0.7545
1705.jpg,0.777,0.777
1706.jpg,0.7785,0.7785
1707.jpg,0.7015,0.7015
1708.jpg,0.724,0.724
1709.jpg,0.782,0.782
1710.jpg,0.778,0.778
1711.jpg,0.7345,0.7345
1712.jpg,0.719,0.719
1713.jpg,0.7305,0.7305
1714.jpg,0.69,0.69
1715.jpg,0.721,0.721
1716.jpg,0.7145,0.7145
1719.jpg,0.698,0.698
1720.jpg,0.589,0.589
1721.jpg,0.7985,0.7385
1722.jpg,0.7785,0.7785
1723.jpg,0.733,0.733
1724.jpg,0.677,0.677
1725.jpg,0.7055,0.7055
1726.jpg,0.7435,0.7435
1727.jpg,0.663,0.663
1728.jpg,0.702,0.702
1729.jpg,0.7585,0.7585
1731.jpg,0.745,0.745
1732.jpg,0.6835,0.6835
1733.jpg,0.6905,0.6905
1734.jpg,0.791,0.791
1735.jpg,0.7045,0.7045
1737.jpg,0.747,0.747
1739.jpg,0.7055,0.7055
1740.jpg,0.718,0.718
1741.jpg,0.72,0.72
1743.jpg,0.7905,0.7905
1744.jpg,0.661,0.661
1745.jpg,0.682,0.682
1746.jpg,0.771,0.771
1747.jpg,0.738,0.738
1749.jpg,0.7855,0.7855
1750.jpg,0.7785,0.7785
1751.jpg,0.764,0.764
1754.jpg,0.724,0.724
1757.jpg,0.7665,0.7665
1758.jpg,0.668,0.668
1760.jpg,0.7575,0.7575
1762.jpg,0.7475,0.7475
1764.jpg,0.786,0.786
1767.jpg,0.7555,0.7555
1769.jpg,0.708,0.708
1771.jpg,0.6935,0.6935
1772.jpg,0.706,0.706
1773.jpg,0.7745,0.7745
1775.jpg,0.7855,0.7855
1777.jpg,0.762,0.762
1778.jpg,0.734,0.734
1779.jpg,0.776,0.776
1780.jpg,0.726,0.726
1782.jpg,0.769,0.769
1783.jpg,0.725,0.725
1784.jpg,0.72,0.72
1786.jpg,0.78,0.78
1787.jpg,0.7055,0.7055
1789.jpg,0.6865,0.6865
1790.jpg,0.6765,0.6765
1792.jpg,0.795,0.795
1794.jpg,0.755,0.755
1796.jpg,0.7485,0.7485
1797.jpg,0.7485,0.7485
1799.jpg,0.754,0.754
1800.jpg,0.68,0.68
1801.jpg,0.7965,0.7965
1803.jpg,0.775,0.775
1804.jpg,0.623,0.623
1805.jpg,0.7695,0.7695
1806.jpg,0.733,0.733
1808.jpg,0.768,0.768
1809.jpg,0.8085,0.8085
1810.jpg,0.721,0.721
1811.jpg,0.687,0.687
1812.jpg,0.7225,0.7225
1813.jpg,0.727,0.727
1816.jpg,0.7825,0.7825
1817.jpg,0.759,0.759
1819.jpg,0.757,0.757
1820.jpg,0.7515,0.7515
1821.jpg,0.7465,0.7465
1825.jpg,0.765,0.765
1827.jpg,0.7105,0.7105
1828.jpg,0.7525,0.7525
1829.jpg,0.7165,0.7165
1830.jpg,0.738,0.738
1831.jpg,0.6065,0.6065
1833.jpg,0.7725,0.7725
1834.jpg,0.7725,0.7725
1835.jpg,0.6945,0.6945
1836.jpg,0.657,0.657
1837.jpg,0.7095,0.7095
1838.jpg,0.725,0.725
1839.jpg,0.7455,0.7455
1842.jpg,0.7385,0.7385
1846.jpg,0.6565,0.6565
1849.jpg,0.7025,0.7025
1850.jpg,0.7785,0.7785
1852.jpg,0.7195,0.7195
1853.jpg,0.7175,0.7175
1855.jpg,0.7635,0.7635
1856.jpg,0.7095,0.7095
1857.jpg,0.77,0.77
1859.jpg,0.7175,0.7175
1860.jpg,0.7275,0.7275
1863.jpg,0.7205,0.7205
1864.jpg,0.6455,0.6455
1865.jpg,0.752,0.752
1867.jpg,0.7465,0.7465
1868.jpg,0.771,0.771
1869.jpg,0.7375,0.7375
1870.jpg,0.784,0.784
1871.jpg,0.7745,0.7745
1872.jpg,0.7185,0.7185
1873.jpg,0.7835,0.7835
1875.jpg,0.743,0.743
1876.jpg,0.664,0.664
1877.jpg,0.6525,0.6525
1878.jpg,0.692,0.692
1879.jpg,0.7475,0.7475
1880.jpg,0.7745,0.7745
1882.jpg,0.7,0.7
1883.jpg,0.692,0.692
1885.jpg,0.723,0.723
1887.jpg,0.5001,0.713
1888.jpg,0.7305,0.7305
1891.jpg,0.695,0.695
1892.jpg,0.77,0.77
1893.jpg,0.753,0.753
1897.jpg,0.728,0.728
1898.jpg,0.7335,0.7335
1899.jpg,0.8155,0.8155
1901.jpg,0.768,0.768
1902.jpg,0.7495,0.7495
1903.jpg,0.7895,0.7895
1904.jpg,0.7245,0.7245
1906.jpg,0.731,0.731
1907.jpg,0.726,0.726
1908.jpg,0.789,0.789
1909.jpg,0.7865,0.7865
1911.jpg,0.808,0.758
1912.jpg,0.6815,0.6815
1913.jpg,0.7825,0.6825
1915.jpg,0.805,0.805
1916.jpg,0.5955,0.5955
1918.jpg,0.642,0.642
1919.jpg,0.739,0.739
1920.jpg,0.6635,0.6635
1921.jpg,0.7275,0.7275
1922.jpg,0.6555,0.6555
1923.jpg,0.7755,0.7755
1924.jpg,0.6925,0.6925
1925.jpg,0.745,0.745
1926.jpg,0.771,0.771
1927.jpg,0.697,0.697
1929.jpg,0.739,0.739
1930.jpg,0.7255,0.7255
1932.jpg,0.749,0.749
1934.jpg,0.728,0.728
1935.jpg,0.734,0.734
1936.jpg,0.8175,0.8175
1938.jpg,0.7795,0.7795
1939.jpg,0.709,0.709
1942.jpg,0.758,0.758
1943.jpg,0.6635,0.6635
1946.jpg,0.685,0.685
1949.jpg,0.7155,0.7155
1951.jpg,0.7115,0.7115
1952.jpg,0.712,0.712
1953.jpg,0.773,0.773
1954.jpg,0.7115,0.7115
1956.jpg,0.669,0.669
1957.jpg,0.7385,0.7385
1959.jpg,0.7515,0.7515
1960.jpg,0.739,0.739
1961.jpg,0.785,0.785
1962.jpg,0.697,0.697
1963.jpg,0.749,0.749
1964.jpg,0.752,0.752
1965.jpg,0.749,0.749
1967.jpg,0.701,0.701
1968.jpg,0.706,0.706
1970.jpg,0.722,0.722
1971.jpg,0.876,0.776
1972.jpg,0.6965,0.6965
1973.jpg,0.743,0.743
1974.jpg,0.728,0.728
1975.jpg,0.65,0.65
1977.jpg,0.7595,0.7595
1979.jpg,0.6565,0.6565
1981.jpg,0.714,0.714
1982.jpg,0.7455,0.7455
1984.jpg,0.774,0.774
1985.jpg,0.8425,0.7425
1986.jpg,0.7585,0.7585
1988.jpg,0.696,0.696
1989.jpg,0.6835,0.6835
1991.jpg,0.7405,0.7405
1992.jpg,0.779,0.779
1993.jpg,0.7035,0.7035
1994.jpg,0.6555,0.6555
1995.jpg,0.705,0.705
1996.jpg,0.7895,0.7895
1997.jpg,0.6715,0.6715
1998.jpg,0.679,0.679
2001.jpg,0.6885,0.6885
2002.jpg,0.762,0.762
2003.jpg,0.71,0.71
2004.jpg,0.781,0.781
2005.jpg,0.728,0.728
2006.jpg,0.766,0.766
2007.jpg,0.7185,0.7185
2008.jpg,0.7795,0.7795
2009.jpg,0.764,0.764
2010.jpg,0.7295,0.7295
2011.jpg,0.5925,0.5925
2012.jpg,0.769,0.769
2013.jpg,0.6905,0.6905
2015.jpg,0.7185,0.7185
2016.jpg,0.756,0.756
2017.jpg,0.754,0.754
2018.jpg,0.676,0.676
2019.jpg,0.7425,0.7425
2020.jpg,0.8115,0.8115
2022.jpg,0.7475,0.7475
2024.jpg,0.742,0.742
2025.jpg,0.7345,0.7345
2026.jpg,0.8215,0.7615
2027.jpg,0.7305,0.7305
2029.jpg,0.687,0.687
2030.jpg,0.7005,0.7005
2031.jpg,0.7765,0.7765
2032.jpg,0.764,0.764
2033.jpg,0.7235,0.7235
2034.jpg,0.5955,0.5955
2038.jpg,0.7105,0.7105
2040.jpg,0.5001,0.7185
2041.jpg,0.731,0.731
2042.jpg,0.8045,0.745
2044.jpg,0.7325,0.7325
2045.jpg,0.702,0.702
2048.jpg,0.7155,0.7155
2049.jpg,0.7035,0.7035
2051.jpg,0.7475,0.7475
2055.jpg,0.693,0.693
2056.jpg,0.705,0.705
2058.jpg,0.685,0.685
2061.jpg,0.802,0.802
2062.jpg,0.78,0.78
2063.jpg,0.7625,0.7625
2064.jpg,0.738,0.738
2067.jpg,0.6735,0.6735
2068.jpg,0.648,0.648
2069.jpg,0.741,0.741
2070.jpg,0.6675,0.6675
2071.jpg,0.7645,0.7645
2073.jpg,0.7495,0.7495
2077.jpg,0.7315,0.7315
2078.jpg,0.685,0.685
2079.jpg,0.773,0.773
2080.jpg,0.7375,0.7375
2081.jpg,0.7405,0.7405
2082.jpg,0.833,0.833
2085.jpg,0.7515,0.7515
2086.jpg,0.5001,0.753
2088.jpg,0.7175,0.7175
2089.jpg,0.74,0.74
2090.jpg,0.7275,0.7275
2091.jpg,0.727,0.727
2095.jpg,0.664,0.664
2097.jpg,0.7535,0.7535
2098.jpg,0.7435,0.7435
2099.jpg,0.687,0.687
2100.jpg,0.728,0.728
2101.jpg,0.736,0.736
2102.jpg,0.807,0.807
2103.jpg,0.68,0.68
2104.jpg,0.6835,0.6835
2105.jpg,0.7345,0.7345
2106.jpg,0.7035,0.7035
2107.jpg,0.675,0.675
2108.jpg,0.823,0.823
2109.jpg,0.796,0.796
2111.jpg,0.707,0.707
2112.jpg,0.7825,0.7825
2114.jpg,0.7295,0.7295
2115.jpg,0.7535,0.7535
2117.jpg,0.7555,0.7555
2119.jpg,0.7505,0.7505
2120.jpg,0.736,0.736
2121.jpg,0.7945,0.7945
2123.jpg,0.6875,0.6875
2126.jpg,0.763,0.763
2127.jpg,0.648,0.648
2128.jpg,0.728,0.728
2131.jpg,0.766,0.766
2132.jpg,0.747,0.747
2134.jpg,0.6465,0.6465
2135.jpg,0.711,0.711
2136.jpg,0.776,0.776
2137.jpg,0.6815,0.6815
2138.jpg,0.7295,0.7295
2139.jpg,0.6565,0.6565
2140.jpg,0.763,0.763
2141.jpg,0.773,0.773
2142.jpg,0.723,0.723
2143.jpg,0.7865,0.7865
2147.jpg,0.821,0.721
2148.jpg,0.736,0.736
2149.jpg,0.7545,0.7545
2150.jpg,0.7265,0.7265
2152.jpg,0.6435,0.6435
2153.jpg,0.6675,0.6675
2156.jpg,0.666,0.666
2157.jpg,0.707,0.707
2158.jpg,0.7695,0.7695
2159.jpg,0.7055,0.7055
2160.jpg,0.733,0.733
2162.jpg,0.7875,0.7875
2163.jpg,0.726,0.726
2164.jpg,0.6545,0.6545
2167.jpg,0.756,0.756
2168.jpg,0.601,0.764
2169.jpg,0.72,0.72
2171.jpg,0.7355,0.7355
2172.jpg,0.764,0.764
2173.jpg,0.6665,0.6665
2174.jpg,0.756,0.756
2175.jpg,0.7675,0.7675
2176.jpg,0.664,0.664
2177.jpg,0.5001,0.7845
2181.jpg,0.731,0.731
2182.jpg,0.6945,0.6945
2183.jpg,0.736,0.736
2185.jpg,0.671,0.671
2188.jpg,0.7225,0.7225
2189.jpg,0.7105,0.7105
2191.jpg,0.659,0.659
2195.jpg,0.6495,0.6495
2196.jpg,0.726,0.726
2197.jpg,0.6395,0.6395
2198.jpg,0.773,0.773
2201.jpg,0.763,0.763
2202.jpg,0.754,0.754
2203.jpg,0.7525,0.7525
2204.jpg,0.81,0.81
2205.jpg,0.6555,0.6555
2206.jpg,0.818,0.818
2209.jpg,0.76,0.76
2211.jpg,0.703,0.703
2212.jpg,0.834,0.834
2213.jpg,0.7585,0.7585
2215.jpg,0.4001,0.7565
2216.jpg,0.711,0.711
2218.jpg,0.683,0.683
2219.jpg,0.771,0.771
2221.jpg,0.811,0.811
2222.jpg,0.7275,0.7275
2224.jpg,0.6905,0.6905
2225.jpg,0.689,0.689
2226.jpg,0.7,0.7
2227.jpg,0.7655,0.7655
2228.jpg,0.7705,0.7705
2229.jpg,0.6745,0.6745
2230.jpg,0.7325,0.7325
2232.jpg,0.73,0.73
2238.jpg,0.685,0.685
2239.jpg,0.635,0.635
2240.jpg,0.799,0.799
2241.jpg,0.7205,0.7205
2242.jpg,0.75,0.75
2248.jpg,0.7815,0.7815
2252.jpg,0.738,0.738
2253.jpg,0.7465,0.7465
2254.jpg,0.655,0.655
2255.jpg,0.6,0.6
2256.jpg,0.7365,0.7365
2257.jpg,0.731,0.731
2258.jpg,0.7805,0.7805
2259.jpg,0.6985,0.6985
2261.jpg,0.702,0.702
2262.jpg,0.756,0.756
2263.jpg,0.7815,0.7815
2264.jpg,0.7195,0.7195
2266.jpg,0.7225,0.7225
2267.jpg,0.753,0.753
2268.jpg,0.7755,0.7755
2270.jpg,0.718,0.718
2271.jpg,0.763,0.763
2272.jpg,0.617,0.617
2273.jpg,0.7145,0.7145
2275.jpg,0.7535,0.7535
2276.jpg,0.7415,0.7415
2279.jpg,0.7065,0.7065
2280.jpg,0.7385,0.7385
2281.jpg,0.7215,0.7215
2282.jpg,0.716,0.716
2284.jpg,0.685,0.685
2285.jpg,0.7545,0.7545
2286.jpg,0.8192,0.692
2288.jpg,0.724,0.724
2289.jpg,0.652,0.652
2290.jpg,0.7075,0.7075
2293.jpg,0.764,0.764
2295.jpg,0.6855,0.6855
2296.jpg,0.6465,0.6465
2297.jpg,0.8,0.8
2299.jpg,0.7615,0.7615
2302.jpg,0.771,0.771
2303.jpg,0.804,0.804
2305.jpg,0.628,0.628
2306.jpg,0.724,0.724
2307.jpg,0.711,0.711
2308.jpg,0.704,0.704
2310.jpg,0.7805,0.7805
2311.jpg,0.788,0.788
2312.jpg,0.8255,0.8255
2313.jpg,0.7912,0.712
2314.jpg,0.6805,0.6805
2316.jpg,0.7395,0.7395
2317.jpg,0.8335,0.8335
2318.jpg,0.7525,0.7525
2320.jpg,0.739,0.739
2322.jpg,0.7855,0.7855
2323.jpg,0.793,0.763
2325.jpg,0.7075,0.7075
2326.jpg,0.651,0.651
2328.jpg,0.812,0.812
2331.jpg,0.752,0.752
2334.jpg,0.742,0.742
2335.jpg,0.708,0.708
2336.jpg,0.711,0.711
2338.jpg,0.804,0.804
2340.jpg,0.753,0.753
2341.jpg,0.7345,0.7345
2342.jpg,0.6655,0.6655
2343.jpg,0.744,0.744
2344.jpg,0.7405,0.7405
2345.jpg,0.672,0.672
2346.jpg,0.712,0.712
2347.jpg,0.655,0.655
2348.jpg,0.663,0.663
2350.jpg,0.7415,0.7415
2351.jpg,0.7585,0.7585
2354.jpg,0.7355,0.7355
2355.jpg,0.7735,0.7735
2356.jpg,0.8135,0.8135
2357.jpg,0.7515,0.7515
2358.jpg,0.696,0.696
2359.jpg,0.747,0.747
2360.jpg,0.737,0.737
2361.jpg,0.743,0.743
2363.jpg,0.8305,0.8305
2365.jpg,0.763,0.763
2366.jpg,0.8025,0.8025
2367.jpg,0.786,0.786
2369.jpg,0.778,0.778
2371.jpg,0.726,0.726
2372.jpg,0.7565,0.7565
2375.jpg,0.7785,0.7785
2376.jpg,0.698,0.698
2378.jpg,0.77,0.77
2379.jpg,0.7865,0.7865
2380.jpg,0.7015,0.7015
2382.jpg,0.7445,0.7445
2384.jpg,0.744,0.744
2385.jpg,0.7525,0.7525
2387.jpg,0.6515,0.6515
2388.jpg,0.685,0.685
2389.jpg,0.7375,0.7375
2390.jpg,0.748,0.748
2392.jpg,0.711,0.711
2394.jpg,0.6725,0.6725
2395.jpg,0.6975,0.6975
2396.jpg,0.6965,0.6965
2398.jpg,0.7435,0.7435
2399.jpg,0.705,0.705
2400.jpg,0.7025,0.7025
2401.jpg,0.744,0.744
2403.jpg,0.6205,0.6205
2404.jpg,0.7615,0.7615
2405.jpg,0.7625,0.7625
2407.jpg,0.6845,0.6845
2409.jpg,0.766,0.766
2410.jpg,0.804,0.804
2413.jpg,0.7295,0.7295
2414.jpg,0.7615,0.7615
2415.jpg,0.735,0.735
2416.jpg,0.5885,0.5885
2419.jpg,0.784,0.784
2421.jpg,0.728,0.728
2423.jpg,0.6775,0.6775
2424.jpg,0.773,0.773
2426.jpg,0.6485,0.6485
2429.jpg,0.7405,0.7405
2430.jpg,0.7815,0.7815
2431.jpg,0.69,0.69
2435.jpg,0.7465,0.7465
2436.jpg,0.704,0.704
2438.jpg,0.7475,0.7475
2439.jpg,0.7505,0.7505
2441.jpg,0.6455,0.6455
2443.jpg,0.7595,0.7595
2447.jpg,0.674,0.674
2448.jpg,0.8365,0.8365
2449.jpg,0.793,0.793
2450.jpg,0.776,0.776
2451.jpg,0.784,0.784
2452.jpg,0.797,0.797
2453.jpg,0.7915,0.715
2455.jpg,0.767,0.767
2456.jpg,0.7285,0.7285
2457.jpg,0.719,0.719
2458.jpg,0.7895,0.7895
2459.jpg,0.8225,0.7225
2460.jpg,0.7465,0.7465
2461.jpg,0.7175,0.7175
2462.jpg,0.743,0.743
2466.jpg,0.8105,0.8105
2467.jpg,0.757,0.757
2468.jpg,0.7755,0.7755
2470.jpg,0.7615,0.7615
2472.jpg,0.804,0.804
2473.jpg,0.7875,0.7875
2476.jpg,0.7415,0.7415
2477.jpg,0.821,0.721
2478.jpg,0.4001,0.7615
2480.jpg,0.7195,0.7195
2481.jpg,0.6705,0.6705
2482.jpg,0.65,0.65
2483.jpg,0.7385,0.7385
2484.jpg,0.7775,0.7775
2485.jpg,0.7515,0.7515
2486.jpg,0.7235,0.7235
2489.jpg,0.6945,0.6945
2490.jpg,0.7095,0.7095
2491.jpg,0.7685,0.7685
2492.jpg,0.6375,0.6375
2494.jpg,0.832,0.832
2495.jpg,0.65,0.65
2501.jpg,0.6915,0.6915
2503.jpg,0.7705,0.7705
2504.jpg,0.644,0.644
2506.jpg,0.804,0.804
2510.jpg,0.7615,0.7615
2511.jpg,0.6965,0.6965
2512.jpg,0.7035,0.7035
2513.jpg,0.7355,0.7355
2514.jpg,0.7585,0.7585
2515.jpg,0.7925,0.7925
2517.jpg,0.763,0.763
2519.jpg,0.789,0.789
2522.jpg,0.596,0.596
2523.jpg,0.6725,0.6725
2524.jpg,0.8025,0.8025
2527.jpg,0.8535,0.7535
2529.jpg,0.747,0.747
2533.jpg,0.668,0.668
2534.jpg,0.7355,0.7355
2535.jpg,0.7475,0.7475
2536.jpg,0.652,0.652
2538.jpg,0.7255,0.7255
2539.jpg,0.7375,0.7375
2540.jpg,0.7575,0.7575
2541.jpg,0.783,0.783
2544.jpg,0.7015,0.7015
2545.jpg,0.754,0.754
2546.jpg,0.736,0.736
2548.jpg,0.5001,0.739
2550.jpg,0.682,0.682
2551.jpg,0.6965,0.6965
2552.jpg,0.743,0.743
2554.jpg,0.755,0.755
2555.jpg,0.723,0.723
2557.jpg,0.6625,0.6625
2559.jpg,0.7355,0.7355
2561.jpg,0.805,0.805
2563.jpg,0.6555,0.6555
2564.jpg,0.8045,0.8045
2565.jpg,0.7,0.7
2569.jpg,0.76,0.76
2571.jpg,0.718,0.718
2572.jpg,0.7195,0.7195
2573.jpg,0.8155,0.8155
2574.jpg,0.745,0.745
2575.jpg,0.6865,0.6865
2576.jpg,0.706,0.706
2577.jpg,0.7305,0.7305
2578.jpg,0.6635,0.6635
2579.jpg,0.699,0.699
2580.jpg,0.676,0.676
2581.jpg,0.727,0.727
2584.jpg,0.7845,0.7845
2586.jpg,0.689,0.689
2587.jpg,0.7365,0.7365
2589.jpg,0.637,0.637
2591.jpg,0.777,0.777
2592.jpg,0.706,0.706
2593.jpg,0.6975,0.6975
2597.jpg,0.8225,0.8225
2599.jpg,0.813,0.813
2603.jpg,0.759,0.759
2604.jpg,0.7545,0.7545
2606.jpg,0.7365,0.7365
2607.jpg,0.76,0.76
2609.jpg,0.6635,0.6635
2610.jpg,0.7195,0.7195
2613.jpg,0.7035,0.7035
2614.jpg,0.7565,0.7565
2616.jpg,0.769,0.769
2617.jpg,0.6215,0.6215
2620.jpg,0.767,0.767
2621.jpg,0.6745,0.6745
2622.jpg,0.7085,0.7085
2625.jpg,0.7365,0.7365
2626.jpg,0.717,0.717
2627.jpg,0.7895,0.7895
2628.jpg,0.719,0.719
2629.jpg,0.7405,0.7405
2630.jpg,0.7055,0.7055
2632.jpg,0.787,0.787
2633.jpg,0.6355,0.6355
2634.jpg,0.6665,0.6665
2635.jpg,0.77,0.77
2636.jpg,0.739,0.739
2637.jpg,0.7635,0.7635
2639.jpg,0.741,0.741
2640.jpg,0.617,0.617
2641.jpg,0.7945,0.7945
2644.jpg,0.7505,0.7505
2645.jpg,0.639,0.639
2646.jpg,0.5001,0.6815
2647.jpg,0.807,0.807
2648.jpg,0.695,0.695
2649.jpg,0.741,0.741
2650.jpg,0.82,0.82
2652.jpg,0.671,0.671
2653.jpg,0.7025,0.7025
2655.jpg,0.672,0.672
2656.jpg,0.712,0.712
2660.jpg,0.7655,0.7655
2662.jpg,0.75,0.75
2664.jpg,0.7595,0.7595
2665.jpg,0.779,0.779
2666.jpg,0.6925,0.6925
2667.jpg,0.715,0.715
2669.jpg,0.8375,0.7375
2670.jpg,0.659,0.659
2671.jpg,0.7255,0.7255
2672.jpg,0.7225,0.7225
2675.jpg,0.8135,0.8135
2676.jpg,0.774,0.774
2677.jpg,0.635,0.635
2682.jpg,0.776,0.776
2683.jpg,0.6395,0.6395
2684.jpg,0.694,0.694
2685.jpg,0.7645,0.7645
2687.jpg,0.6525,0.6525
2689.jpg,0.656,0.656
2690.jpg,0.6755,0.6755
2691.jpg,0.7605,0.7605
2693.jpg,0.7315,0.7315
2695.jpg,0.7455,0.7455
2697.jpg,0.7935,0.7935
2698.jpg,0.751,0.751
2699.jpg,0.719,0.719
2700.jpg,0.667,0.667
2701.jpg,0.75,0.75
2702.jpg,0.703,0.703
2703.jpg,0.7845,0.7845
2705.jpg,0.765,0.765
2707.jpg,0.7325,0.7325
2708.jpg,0.646,0.646
2709.jpg,0.734,0.734
2710.jpg,0.7335,0.7335
2711.jpg,0.6875,0.6875
2714.jpg,0.661,0.661
2715.jpg,0.649,0.649
2716.jpg,0.774,0.774
2721.jpg,0.8075,0.7775
2723.jpg,0.7675,0.7675
2726.jpg,0.8215,0.7915
2727.jpg,0.6695,0.6695
2728.jpg,0.736,0.736
2729.jpg,0.746,0.746
2730.jpg,0.707,0.707
2732.jpg,0.709,0.709
2733.jpg,0.756,0.756
2735.jpg,0.672,0.672
2736.jpg,0.7015,0.7015
2737.jpg,0.8676,0.676
2738.jpg,0.722,0.722
2739.jpg,0.733,0.733
2742.jpg,0.5001,0.7765
2743.jpg,0.717,0.717
2744.jpg,0.758,0.758
2745.jpg,0.7395,0.7395
2746.jpg,0.733,0.733
2747.jpg,0.6925,0.6925
2748.jpg,0.717,0.717
2750.jpg,0.6725,0.6725
2751.jpg,0.745,0.745
2752.jpg,0.7065,0.7065
2753.jpg,0.761,0.761
2754.jpg,0.7865,0.7865
2755.jpg,0.647,0.647
2756.jpg,0.74,0.74
2758.jpg,0.7635,0.7635
2759.jpg,0.6485,0.6485
2760.jpg,0.8495,0.7495
2761.jpg,0.8593,0.793
2763.jpg,0.774,0.774
2765.jpg,0.706,0.706
2766.jpg,0.7135,0.7135
2767.jpg,0.829,0.829
2768.jpg,0.7365,0.7365
2769.jpg,0.659,0.659
2770.jpg,0.7505,0.7505
2772.jpg,0.7565,0.7565
2773.jpg,0.719,0.719
2774.jpg,0.6835,0.6835
2775.jpg,0.6945,0.6945
2777.jpg,0.8215,0.8215
2778.jpg,0.7095,0.7095
2780.jpg,0.7305,0.7305
2781.jpg,0.769,0.769
2782.jpg,0.712,0.712
2783.jpg,0.7925,0.7925
2786.jpg,0.7575,0.7575
2787.jpg,0.775,0.775
2788.jpg,0.801,0.801
2791.jpg,0.704,0.704
2792.jpg,0.6865,0.6865
2793.jpg,0.7155,0.7155
2795.jpg,0.7495,0.7495
2797.jpg,0.7505,0.7505
2798.jpg,0.729,0.729
2799.jpg,0.806,0.806
2801.jpg,0.668,0.668
2803.jpg,0.7185,0.7185
2804.jpg,0.776,0.776
2806.jpg,0.7525,0.7525
2807.jpg,0.677,0.677
2809.jpg,0.6875,0.6875
2810.jpg,0.749,0.749
2811.jpg,0.7545,0.7545
2812.jpg,0.719,0.719
2813.jpg,0.7505,0.7505
2814.jpg,0.6625,0.6625
2815.jpg,0.737,0.737
2817.jpg,0.7355,0.7355
2818.jpg,0.7315,0.7315
2819.jpg,0.7285,0.7285
2821.jpg,0.751,0.751
2822.jpg,0.8005,0.8005
2823.jpg,0.709,0.709
2826.jpg,0.7825,0.7825
2827.jpg,0.7425,0.7425
2828.jpg,0.745,0.745
2829.jpg,0.7125,0.7125
2830.jpg,0.786,0.786
2832.jpg,0.7155,0.7155
2833.jpg,0.7095,0.7095
2834.jpg,0.6695,0.6695
2835.jpg,0.737,0.737
2837.jpg,0.7365,0.7365
2840.jpg,0.7905,0.7905
2841.jpg,0.7315,0.7315
2842.jpg,0.7165,0.7165
2843.jpg,0.672,0.672
2844.jpg,0.694,0.694
2846.jpg,0.7865,0.7865
2847.jpg,0.767,0.767
2848.jpg,0.7425,0.7425
2849.jpg,0.7675,0.7675
2850.jpg,0.76,0.76
2853.jpg,0.76,0.76
2856.jpg,0.756,0.756
2857.jpg,0.762,0.762
2858.jpg,0.74,0.74
2859.jpg,0.6545,0.6545
2860.jpg,0.7495,0.7495
2861.jpg,0.7735,0.7735
2862.jpg,0.688,0.688
2863.jpg,0.6525,0.6525
2864.jpg,0.7615,0.7615
2865.jpg,0.6685,0.6685
2867.jpg,0.7245,0.7245
2869.jpg,0.6925,0.6925
2871.jpg,0.832,0.832
2872.jpg,0.7405,0.7405
2873.jpg,0.79,0.79
2874.jpg,0.795,0.795
2876.jpg,0.719,0.719
2877.jpg,0.68,0.68
2878.jpg,0.7825,0.7825
2879.jpg,0.7245,0.7245
2881.jpg,0.8115,0.8115
2884.jpg,0.8205,0.8205
2885.jpg,0.789,0.789
2886.jpg,0.717,0.717
2888.jpg,0.7305,0.7305
2889.jpg,0.743,0.743
2890.jpg,0.7405,0.7405
2893.jpg,0.5001,0.7395
2894.jpg,0.7655,0.7655
2898.jpg,0.744,0.744
2899.jpg,0.759,0.759
2900.jpg,0.67,0.67
2901.jpg,0.7305,0.7305
2902.jpg,0.6765,0.6765
2903.jpg,0.8185,0.8185
2904.jpg,0.6925,0.6925
2905.jpg,0.7795,0.7795
2906.jpg,0.673,0.673
2910.jpg,0.8235,0.8235
2911.jpg,0.8195,0.8195
2912.jpg,0.673,0.673
2913.jpg,0.695,0.695
2914.jpg,0.7085,0.7085
2916.jpg,0.741,0.741
2918.jpg,0.705,0.705
2919.jpg,0.783,0.783
2920.jpg,0.7245,0.7245
2921.jpg,0.6895,0.6895
2922.jpg,0.644,0.644
2923.jpg,0.7435,0.7435
2924.jpg,0.725,0.725
2925.jpg,0.802,0.802
2926.jpg,0.7955,0.7955
2927.jpg,0.673,0.673
2928.jpg,0.7195,0.7195
2929.jpg,0.682,0.682
2931.jpg,0.7005,0.7005
2932.jpg,0.665,0.665
2933.jpg,0.737,0.737
2934.jpg,0.749,0.749
2935.jpg,0.726,0.726
2936.jpg,0.657,0.657
2937.jpg,0.683,0.683
2938.jpg,0.645,0.645
2940.jpg,0.788,0.788
2941.jpg,0.6625,0.6625
2942.jpg,0.714,0.714
2943.jpg,0.7155,0.7155
2944.jpg,0.5001,0.7885
2945.jpg,0.7165,0.7165
2946.jpg,0.6885,0.6885
2947.jpg,0.5001,0.712
2948.jpg,0.83,0.783
2949.jpg,0.684,0.684
2951.jpg,0.771,0.771
2954.jpg,0.6575,0.6575
2955.jpg,0.7115,0.7115
2957.jpg,0.775,0.775
2958.jpg,0.814,0.814
2959.jpg,0.7305,0.7305
2960.jpg,0.699,0.699
2962.jpg,0.6545,0.6545
2963.jpg,0.7425,0.7425
2964.jpg,0.758,0.758
2965.jpg,0.782,0.782
2966.jpg,0.7795,0.7795
2967.jpg,0.813,0.813
2968.jpg,0.734,0.734
2971.jpg,0.745,0.745
2972.jpg,0.677,0.677
2977.jpg,0.646,0.646
2980.jpg,0.6835,0.6835
2982.jpg,0.789,0.789
2983.jpg,0.764,0.764
2984.jpg,0.6665,0.6665
2985.jpg,0.723,0.723
2986.jpg,0.7085,0.7085
2987.jpg,0.672,0.672
2988.jpg,0.75,0.75
2989.jpg,0.832,0.832
2990.jpg,0.6995,0.6995
2992.jpg,0.707,0.707
2995.jpg,0.7315,0.7315
2996.jpg,0.775,0.775
2997.jpg,0.8435,0.7435
2998.jpg,0.7855,0.7855
3000.jpg,0.7525,0.7525
3001.jpg,0.634,0.634
3003.jpg,0.771,0.771
3004.jpg,0.85,0.785
3005.jpg,0.6735,0.6735
3006.jpg,0.7855,0.7855
3007.jpg,0.747,0.747
3008.jpg,0.7145,0.7145
3009.jpg,0.5001,0.7205
3010.jpg,0.7205,0.7205
3011.jpg,0.7775,0.7775
3012.jpg,0.7615,0.7615
3014.jpg,0.72,0.72
3015.jpg,0.6915,0.6915
3016.jpg,0.787,0.787
3017.jpg,0.6655,0.6655
3018.jpg,0.742,0.742
3019.jpg,0.7845,0.7845
3020.jpg,0.717,0.717
3021.jpg,0.744,0.744
3022.jpg,0.77,0.77
3023.jpg,0.7515,0.7515
3024.jpg,0.735,0.735
3025.jpg,0.777,0.777
3026.jpg,0.793,0.793
3027.jpg,0.7745,0.7745
3028.jpg,0.6845,0.6845
3029.jpg,0.714,0.714
3031.jpg,0.763,0.763
3032.jpg,0.6945,0.6945
3033.jpg,0.7275,0.7275
3034.jpg,0.785,0.785
3036.jpg,0.719,0.719
3037.jpg,0.725,0.725
3038.jpg,0.787,0.787
3040.jpg,0.7155,0.7155
3041.jpg,0.8165,0.8165
3042.jpg,0.745,0.745
3043.jpg,0.8285,0.8285
3044.jpg,0.736,0.736
3046.jpg,0.7665,0.7665
3047.jpg,0.682,0.682
3049.jpg,0.654,0.654
3050.jpg,0.756,0.756
3051.jpg,0.7345,0.7345
3052.jpg,0.743,0.743
3053.jpg,0.744,0.744
3057.jpg,0.7815,0.7815
3060.jpg,0.777,0.777
3061.jpg,0.6395,0.6395
3062.jpg,0.778,0.778
3063.jpg,0.7695,0.7695
3065.jpg,0.6925,0.6925
3066.jpg,0.6755,0.6755
3068.jpg,0.6505,0.6505
3069.jpg,0.6435,0.6435
3070.jpg,0.716,0.716
3071.jpg,0.7325,0.7325
3073.jpg,0.7725,0.7725
3074.jpg,0.773,0.773
3075.jpg,0.8265,0.8265
3077.jpg,0.737,0.737
3078.jpg,0.824,0.824
3079.jpg,0.779,0.779
3080.jpg,0.739,0.739
3081.jpg,0.7305,0.7305
3082.jpg,0.7535,0.7535
3083.jpg,0.7085,0.7085
3084.jpg,0.7615,0.7615
3085.jpg,0.7715,0.7715
3087.jpg,0.7585,0.7585
3088.jpg,0.724,0.724
3089.jpg,0.7625,0.7625
3090.jpg,0.7815,0.7815
3091.jpg,0.6685,0.6685
3092.jpg,0.7375,0.7375
3093.jpg,0.72,0.72
3094.jpg,0.651,0.651
3095.jpg,0.736,0.736
3096.jpg,0.671,0.671
3097.jpg,0.7835,0.7835
3098.jpg,0.8355,0.7355
3099.jpg,0.7445,0.7445
3101.jpg,0.716,0.716
3102.jpg,0.7205,0.7205
3103.jpg,0.789,0.789
3104.jpg,0.6805,0.6805
3105.jpg,0.7275,0.7275
3106.jpg,0.8783,0.783
3107.jpg,0.7535,0.7535
3109.jpg,0.7165,0.7165
3110.jpg,0.6765,0.6765
3111.jpg,0.698,0.698
3113.jpg,0.825,0.7025
3115.jpg,0.5925,0.5925
3116.jpg,0.5001,0.794
3117.jpg,0.7985,0.7985
3119.jpg,0.6475,0.6475
3121.jpg,0.7145,0.7145
3122.jpg,0.703,0.703
3123.jpg,0.6905,0.6905
3124.jpg,0.679,0.679
3128.jpg,0.7665,0.7665
3129.jpg,0.7735,0.7735
3130.jpg,0.6985,0.6985
3131.jpg,0.752,0.752
3132.jpg,0.7525,0.7525
3134.jpg,0.712,0.712
3135.jpg,0.615,0.615
3136.jpg,0.7675,0.7675
3137.jpg,0.5875,0.5875
3138.jpg,0.649,0.649
3140.jpg,0.752,0.752
3142.jpg,0.795,0.6795
3147.jpg,0.7215,0.7215
3148.jpg,0.7505,0.7505
3149.jpg,0.752,0.752
3150.jpg,0.7525,0.7525
3151.jpg,0.7355,0.7355
3152.jpg,0.6765,0.6765
3153.jpg,0.6925,0.6925
3154.jpg,0.7,0.7
3156.jpg,0.6875,0.6875
3159.jpg,0.74,0.74
3160.jpg,0.6965,0.6965
3161.jpg,0.767,0.767
3162.jpg,0.75,0.75
3163.jpg,0.7315,0.7315
3164.jpg,0.7325,0.7325
3165.jpg,0.6745,0.6745
3166.jpg,0.7165,0.7165
3167.jpg,0.7315,0.7315
3169.jpg,0.722,0.722
3170.jpg,0.736,0.736
3171.jpg,0.7265,0.7265
3172.jpg,0.8115,0.8115
3173.jpg,0.7305,0.7305
3175.jpg,0.749,0.749
3177.jpg,0.6705,0.6705
3178.jpg,0.761,0.761
3181.jpg,0.734,0.734
3183.jpg,0.7265,0.7265
3184.jpg,0.7465,0.7465
3186.jpg,0.831,0.831
3187.jpg,0.705,0.705
3188.jpg,0.7775,0.7775
3189.jpg,0.69,0.69
3190.jpg,0.7825,0.7825
3191.jpg,0.5001,0.7175
3193.jpg,0.7835,0.7835
3194.jpg,0.803,0.803
3195.jpg,0.727,0.727
3196.jpg,0.7915,0.7915
3197.jpg,0.682,0.682
3200.jpg,0.696,0.696
3203.jpg,0.8085,0.8085
3204.jpg,0.687,0.687
3205.jpg,0.72,0.72
3207.jpg,0.735,0.735
3208.jpg,0.696,0.696
3209.jpg,0.7955,0.7955
3211.jpg,0.7725,0.7725
3212.jpg,0.759,0.759
3213.jpg,0.7145,0.7145
3214.jpg,0.707,0.707
3215.jpg,0.804,0.804
3216.jpg,0.609,0.609
3218.jpg,0.755,0.755
3219.jpg,0.725,0.725
3220.jpg,0.805,0.805
3221.jpg,0.722,0.722
3222.jpg,0.68,0.68
3224.jpg,0.826,0.826
3225.jpg,0.6745,0.6745
3226.jpg,0.6865,0.6865
3228.jpg,0.7145,0.7145
3230.jpg,0.7495,0.7495
3231.jpg,0.6625,0.6625
3232.jpg,0.7405,0.7405
3234.jpg,0.5001,0.7735
3235.jpg,0.738,0.738
3237.jpg,0.7305,0.7305
3238.jpg,0.6755,0.6755
3239.jpg,0.7385,0.7385
3240.jpg,0.8495,0.7495
3241.jpg,0.708,0.708
3245.jpg,0.6635,0.6635
3247.jpg,0.684,0.684
3248.jpg,0.7725,0.7725
3249.jpg,0.7115,0.7115
3250.jpg,0.719,0.719
3252.jpg,0.7195,0.7195
3253.jpg,0.7225,0.7225
3254.jpg,0.794,0.744
3255.jpg,0.6835,0.6835
3258.jpg,0.66,0.66
3259.jpg,0.638,0.638
3260.jpg,0.6715,0.6715
3261.jpg,0.7685,0.7685
3262.jpg,0.7795,0.7795
3263.jpg,0.787,0.787
3264.jpg,0.781,0.781
3268.jpg,0.758,0.758
3269.jpg,0.7025,0.7025
3270.jpg,0.685,0.685
3271.jpg,0.7735,0.7735
3274.jpg,0.728,0.728
3275.jpg,0.684,0.684
3276.jpg,0.7195,0.7195
3278.jpg,0.744,0.744
3279.jpg,0.5001,0.752
3282.jpg,0.7805,0.7805
3283.jpg,0.678,0.678
3284.jpg,0.6785,0.6785
3285.jpg,0.75,0.75
3286.jpg,0.7345,0.7345
3287.jpg,0.726,0.726
3289.jpg,0.7495,0.7495
3290.jpg,0.6965,0.6965
3292.jpg,0.7865,0.7865
3293.jpg,0.699,0.699
3295.jpg,0.7255,0.7255
3296.jpg,0.744,0.744
3297.jpg,0.745,0.745
3298.jpg,0.78,0.78
3299.jpg,0.822,0.822
3300.jpg,0.7225,0.7225
3301.jpg,0.793,0.793
3302.jpg,0.663,0.663
3303.jpg,0.6545,0.6545
3304.jpg,0.7765,0.7765
3306.jpg,0.7205,0.7205
3307.jpg,0.826,0.786
3308.jpg,0.655,0.655
3309.jpg,0.737,0.737
3310.jpg,0.693,0.693
3311.jpg,0.647,0.647
3312.jpg,0.75,0.75
3313.jpg,0.799,0.799
3316.jpg,0.6515,0.6515
3317.jpg,0.7635,0.7635
3318.jpg,0.714,0.714
3319.jpg,0.764,0.764
3321.jpg,0.683,0.683
3323.jpg,0.771,0.771
3324.jpg,0.7145,0.7145
3325.jpg,0.824,0.824
3326.jpg,0.7345,0.7345
3327.jpg,0.6785,0.6785
3328.jpg,0.6585,0.6585
3330.jpg,0.62,0.62
3331.jpg,0.735,0.735
3332.jpg,0.783,0.783
3334.jpg,0.734,0.734
3336.jpg,0.7015,0.7015
3337.jpg,0.691,0.691
3338.jpg,0.758,0.758
3339.jpg,0.7825,0.7825
3340.jpg,0.8155,0.8155
3342.jpg,0.7615,0.7615
3343.jpg,0.6495,0.6495
3346.jpg,0.661,0.661
3349.jpg,0.772,0.772
3350.jpg,0.777,0.777
3351.jpg,0.7505,0.7505
3352.jpg,0.695,0.695
3353.jpg,0.6085,0.6085
3354.jpg,0.645,0.645
3355.jpg,0.6015,0.6015
3357.jpg,0.771,0.771
3358.jpg,0.745,0.745
3360.jpg,0.695,0.695
3361.jpg,0.79,0.79
3363.jpg,0.693,0.693
3365.jpg,0.698,0.698
3366.jpg,0.707,0.707
3367.jpg,0.78,0.78
3368.jpg,0.7195,0.7195
3369.jpg,0.7515,0.7515
3373.jpg,0.7655,0.7655
3374.jpg,0.7015,0.7015
3375.jpg,0.7765,0.7765
3376.jpg,0.7325,0.7325
3377.jpg,0.7435,0.7435
3378.jpg,0.7955,0.7955
3379.jpg,0.791,0.791
3380.jpg,0.6585,0.6585
3381.jpg,0.701,0.701
3384.jpg,0.699,0.699
3387.jpg,0.7835,0.7835
3388.jpg,0.8292,0.792
3389.jpg,0.7755,0.7755
3390.jpg,0.7225,0.7225
3391.jpg,0.7145,0.7145
3392.jpg,0.5001,0.675
3393.jpg,0.5001,0.7645
3394.jpg,0.7695,0.7695
3398.jpg,0.7445,0.7445
3400.jpg,0.7585,0.7585
3401.jpg,0.7465,0.7465
3402.jpg,0.723,0.723
3404.jpg,0.7895,0.7895
3406.jpg,0.728,0.728
3408.jpg,0.7175,0.7175
3409.jpg,0.7355,0.7355
3410.jpg,0.731,0.731
3411.jpg,0.7985,0.7985
3412.jpg,0.6885,0.6885
3413.jpg,0.758,0.758
3414.jpg,0.73,0.73
3415.jpg,0.6885,0.6885
3416.jpg,0.744,0.744
3417.jpg,0.8125,0.8125
3421.jpg,0.68,0.68
3422.jpg,0.743,0.743
3423.jpg,0.751,0.751
3426.jpg,0.815,0.815
3427.jpg,0.7105,0.7105
3428.jpg,0.751,0.751
3429.jpg,0.7745,0.7745
3431.jpg,0.7785,0.7785
3432.jpg,0.702,0.702
3433.jpg,0.8145,0.7545
3434.jpg,0.6675,0.6675
3435.jpg,0.7635,0.7635
3437.jpg,0.733,0.733
3439.jpg,0.7495,0.7495
3440.jpg,0.687,0.687
3442.jpg,0.687,0.687
3444.jpg,0.6995,0.6995
3446.jpg,0.737,0.737
3447.jpg,0.6885,0.6885
3449.jpg,0.691,0.691
3451.jpg,0.8295,0.8295
3452.jpg,0.621,0.621
3453.jpg,0.737,0.737
3454.jpg,0.8325,0.8325
3455.jpg,0.736,0.736
3456.jpg,0.7745,0.7745
3457.jpg,0.8285,0.8285
3459.jpg,0.8065,0.8065
3460.jpg,0.6825,0.6825
3461.jpg,0.7895,0.7895
3463.jpg,0.7805,0.7805
3464.jpg,0.7575,0.7575
3465.jpg,0.685,0.685
3468.jpg,0.696,0.696
3469.jpg,0.738,0.738
3470.jpg,0.7345,0.7345
3471.jpg,0.7,0.7
3472.jpg,0.773,0.773
3473.jpg,0.689,0.689
3474.jpg,0.7865,0.7865
3476.jpg,0.8,0.8
3477.jpg,0.6785,0.6785
3478.jpg,0.6925,0.6925
3479.jpg,0.7475,0.7475
3481.jpg,0.6001,0.707
3483.jpg,0.7335,0.7335
3484.jpg,0.6001,0.776
3487.jpg,0.733,0.733
3488.jpg,0.81,0.81
3491.jpg,0.749,0.749
3492.jpg,0.7885,0.7885
3493.jpg,0.7315,0.7315
3494.jpg,0.726,0.726
3496.jpg,0.7245,0.7245
3497.jpg,0.721,0.721
3498.jpg,0.6625,0.6625
3499.jpg,0.7575,0.7575
3500.jpg,0.788,0.788
3501.jpg,0.6965,0.6965
3502.jpg,0.7725,0.7725
3503.jpg,0.719,0.719
3504.jpg,0.7225,0.7225
3505.jpg,0.722,0.722
3506.jpg,0.7335,0.7335
3507.jpg,0.728,0.728
3510.jpg,0.734,0.734
3512.jpg,0.6875,0.6875
3514.jpg,0.767,0.767
3516.jpg,0.7815,0.7815
3518.jpg,0.7235,0.7235
3520.jpg,0.742,0.742
3523.jpg,0.7205,0.7205
3524.jpg,0.7895,0.7895
3525.jpg,0.7685,0.7685
3527.jpg,0.7225,0.7225
3528.jpg,0.7785,0.7785
3534.jpg,0.7425,0.7425
3535.jpg,0.6675,0.6675
3536.jpg,0.7005,0.7005
3537.jpg,0.684,0.684
3541.jpg,0.7,0.7
3542.jpg,0.7255,0.7255
3543.jpg,0.651,0.651
3546.jpg,0.7575,0.7575
3550.jpg,0.7015,0.7015
3551.jpg,0.722,0.722
3552.jpg,0.769,0.769
3553.jpg,0.7455,0.7455
3555.jpg,0.807,0.807
3556.jpg,0.7695,0.7695
3558.jpg,0.7625,0.7625
3561.jpg,0.7005,0.7005
3563.jpg,0.7015,0.7015
3564.jpg,0.7625,0.7625
3566.jpg,0.7035,0.7035
3568.jpg,0.7015,0.7015
3569.jpg,0.7315,0.7315
3573.jpg,0.7335,0.7335
3574.jpg,0.8015,0.8015
3575.jpg,0.8,0.8
3576.jpg,0.726,0.726
3577.jpg,0.759,0.759
3579.jpg,0.7345,0.7345
3580.jpg,0.702,0.702
3582.jpg,0.728,0.728
3583.jpg,0.7015,0.7015
3584.jpg,0.653,0.653
3585.jpg,0.807,0.807
3586.jpg,0.732,0.732
3587.jpg,0.7095,0.7095
3590.jpg,0.8045,0.8045
3591.jpg,0.704,0.704
3593.jpg,0.7285,0.7285
3595.jpg,0.814,0.814
3596.jpg,0.732,0.732
3598.jpg,0.793,0.793
3599.jpg,0.715,0.715
3600.jpg,0.688,0.688
3604.jpg,0.729,0.729
3605.jpg,0.7815,0.7815
3606.jpg,0.6865,0.6865
3608.jpg,0.784,0.784
3612.jpg,0.693,0.693
3614.jpg,0.7615,0.7615
3616.jpg,0.733,0.733
3618.jpg,0.688,0.688
3619.jpg,0.715,0.715
3620.jpg,0.736,0.736
3621.jpg,0.699,0.699
3622.jpg,0.703,0.703
3624.jpg,0.6715,0.6715
3625.jpg,0.692,0.692
3626.jpg,0.724,0.724
3627.jpg,0.6615,0.6615
3632.jpg,0.5001,0.761
3633.jpg,0.7325,0.7325
3634.jpg,0.7615,0.7615
3635.jpg,0.7415,0.7415
3637.jpg,0.738,0.738
3638.jpg,0.7465,0.7465
3640.jpg,0.6745,0.6745
3641.jpg,0.7245,0.7245
3642.jpg,0.7175,0.7175
3643.jpg,0.752,0.752
3644.jpg,0.8005,0.8005
3645.jpg,0.733,0.733
3646.jpg,0.71,0.71
3649.jpg,0.678,0.678
3651.jpg,0.8241,0.741
3652.jpg,0.726,0.726
3653.jpg,0.74,0.74
3655.jpg,0.8135,0.8135
3658.jpg,0.705,0.705
3659.jpg,0.776,0.776
3662.jpg,0.7505,0.7505
3664.jpg,0.734,0.734
3665.jpg,0.7835,0.7835
3668.jpg,0.7625,0.7625
3670.jpg,0.782,0.782
3671.jpg,0.7725,0.7725
3672.jpg,0.669,0.669
3673.jpg,0.7435,0.7435
3674.jpg,0.7245,0.7245
3675.jpg,0.7985,0.7985
3676.jpg,0.773,0.773
3677.jpg,0.7175,0.7175
3678.jpg,0.7285,0.7285
3680.jpg,0.6675,0.6675
3681.jpg,0.776,0.776
3683.jpg,0.7475,0.7475
3684.jpg,0.708,0.708
3687.jpg,0.7775,0.7775
3688.jpg,0.76,0.76
3689.jpg,0.6475,0.6475
3690.jpg,0.766,0.766
3693.jpg,0.773,0.773
3695.jpg,0.8065,0.8065
3696.jpg,0.756,0.756
3697.jpg,0.6955,0.6955
3698.jpg,0.755,0.755
3699.jpg,0.6765,0.6765
3701.jpg,0.7755,0.7755
3703.jpg,0.65,0.65
3704.jpg,0.8245,0.8245
3705.jpg,0.7295,0.7295
3707.jpg,0.6815,0.6815
3708.jpg,0.6705,0.6705
3709.jpg,0.696,0.696
3710.jpg,0.7125,0.7125
3711.jpg,0.7095,0.7095
3713.jpg,0.6675,0.6675
3714.jpg,0.7165,0.7165
3715.jpg,0.692,0.692
3717.jpg,0.6745,0.6745
3718.jpg,0.742,0.742
3720.jpg,0.738,0.738
3721.jpg,0.7715,0.7715
3722.jpg,0.7985,0.7985
3724.jpg,0.6865,0.6865
3725.jpg,0.7185,0.7185
3726.jpg,0.713,0.713
3727.jpg,0.7145,0.7145
3729.jpg,0.7135,0.7135
3730.jpg,0.7825,0.7825
3731.jpg,0.7575,0.7575
3732.jpg,0.744,0.744
3733.jpg,0.6715,0.6715
3734.jpg,0.7675,0.7675
3735.jpg,0.663,0.663
3737.jpg,0.748,0.748
3738.jpg,0.78,0.78
3739.jpg,0.773,0.773
3740.jpg,0.7475,0.7475
3741.jpg,0.5001,0.6885
3745.jpg,0.8195,0.7895
3747.jpg,0.708,0.708
3748.jpg,0.733,0.733
3750.jpg,0.692,0.692
3751.jpg,0.7375,0.7375
3752.jpg,0.8153,0.753
3753.jpg,0.8156,0.756
3755.jpg,0.7305,0.7305
3756.jpg,0.6895,0.6895
3757.jpg,0.734,0.734
3758.jpg,0.7125,0.7125
3759.jpg,0.726,0.726
3761.jpg,0.6785,0.6785
3764.jpg,0.7455,0.7455
3766.jpg,0.752,0.752
3767.jpg,0.719,0.719
3768.jpg,0.649,0.649
3769.jpg,0.5001,0.748
3770.jpg,0.7115,0.7115
3771.jpg,0.7305,0.7305
3772.jpg,0.612,0.612
3773.jpg,0.7255,0.7255
3774.jpg,0.777,0.777
3775.jpg,0.757,0.757
3776.jpg,0.8085,0.7085
3777.jpg,0.827,0.827
3778.jpg,0.765,0.765
3779.jpg,0.7685,0.7685
3780.jpg,0.793,0.793
3781.jpg,0.758,0.758
3782.jpg,0.8265,0.8265
3783.jpg,0.812,0.812
3784.jpg,0.8065,0.8065
3785.jpg,0.7665,0.7665
3786.jpg,0.7655,0.7655
3787.jpg,0.7165,0.7165
3788.jpg,0.722,0.722
3789.jpg,0.6001,0.8065
3790.jpg,0.726,0.726
3791.jpg,0.6775,0.6775
3792.jpg,0.715,0.715
3793.jpg,0.746,0.746
3795.jpg,0.7795,0.7795
3796.jpg,0.728,0.728
3797.jpg,0.678,0.678
3798.jpg,0.6875,0.6875
3799.jpg,0.813,0.813
3800.jpg,0.7655,0.7655
3801.jpg,0.7385,0.7385
3802.jpg,0.704,0.704
3803.jpg,0.7145,0.7145
3804.jpg,0.734,0.734
3805.jpg,0.7275,0.7275
3806.jpg,0.7865,0.7865
3809.jpg,0.6835,0.6835
3810.jpg,0.7875,0.7875
3811.jpg,0.6695,0.6695
3812.jpg,0.6625,0.6625
3813.jpg,0.691,0.691
3814.jpg,0.601,0.753
3815.jpg,0.715,0.715
3816.jpg,0.638,0.638
3817.jpg,0.7885,0.7885
3818.jpg,0.6865,0.6865
3819.jpg,0.714,0.714
3820.jpg,0.8445,0.7445
3821.jpg,0.7625,0.7625
3822.jpg,0.835,0.835
3823.jpg,0.711,0.711
3824.jpg,0.7135,0.7135
3826.jpg,0.82,0.82
3827.jpg,0.763,0.763
3829.jpg,0.6675,0.6675
3830.jpg,0.758,0.758
3831.jpg,0.6825,0.6825
3832.jpg,0.6805,0.6805
3833.jpg,0.637,0.637
3838.jpg,0.7495,0.7495
3839.jpg,0.735,0.735
3842.jpg,0.756,0.756
3844.jpg,0.778,0.778
3845.jpg,0.7555,0.7555
3847.jpg,0.7725,0.7725
3848.jpg,0.7505,0.7505
3849.jpg,0.7755,0.7755
3850.jpg,0.8274,0.774
3851.jpg,0.7285,0.7285
3852.jpg,0.7365,0.7365
3854.jpg,0.748,0.748
3855.jpg,0.713,0.713
3856.jpg,0.7045,0.7045
3857.jpg,0.758,0.758
3858.jpg,0.7755,0.7755
3859.jpg,0.819,0.819
3860.jpg,0.7975,0.7975
3863.jpg,0.721,0.721
3864.jpg,0.6555,0.6555
3866.jpg,0.7275,0.7275
3868.jpg,0.778,0.778
3869.jpg,0.768,0.768
3872.jpg,0.7435,0.7435
3873.jpg,0.735,0.735
3874.jpg,0.797,0.797
3875.jpg,0.779,0.779
3877.jpg,0.5915,0.5915
3878.jpg,0.7735,0.7735
3879.jpg,0.7005,0.7005
3880.jpg,0.7615,0.7615
3881.jpg,0.804,0.744
3885.jpg,0.6695,0.6695
3886.jpg,0.7865,0.7865
3888.jpg,0.7485,0.7485
3890.jpg,0.7045,0.7045
3892.jpg,0.7715,0.7715
3894.jpg,0.7615,0.7615
3895.jpg,0.6635,0.6635
3896.jpg,0.7415,0.7415
3897.jpg,0.6975,0.6975
3898.jpg,0.601,0.746
3899.jpg,0.7775,0.7775
3900.jpg,0.8065,0.8065
3901.jpg,0.725,0.725
3903.jpg,0.7215,0.7215
3905.jpg,0.7175,0.7175
3907.jpg,0.656,0.656
3908.jpg,0.5001,0.7685
3912.jpg,0.697,0.697
3913.jpg,0.649,0.649
3914.jpg,0.716,0.716
3915.jpg,0.6455,0.6455
3916.jpg,0.732,0.732
3917.jpg,0.732,0.732
3918.jpg,0.815,0.815
3919.jpg,0.7765,0.7765
3920.jpg,0.644,0.644
3921.jpg,0.724,0.724
3924.jpg,0.779,0.779
3928.jpg,0.5001,0.7795
3930.jpg,0.73,0.73
3931.jpg,0.816,0.816
3935.jpg,0.813,0.723
3937.jpg,0.827,0.827
3938.jpg,0.754,0.754
3939.jpg,0.677,0.677
3940.jpg,0.784,0.784
3941.jpg,0.7315,0.7315
3942.jpg,0.8295,0.8295
3943.jpg,0.696,0.696
3944.jpg,0.711,0.711
3947.jpg,0.7005,0.7005
3948.jpg,0.7715,0.7715
3950.jpg,0.7085,0.7085
3951.jpg,0.829,0.789
3952.jpg,0.726,0.726
3953.jpg,0.7795,0.7795
3954.jpg,0.7395,0.7395
3956.jpg,0.5001,0.7525
3958.jpg,0.7885,0.7885
3959.jpg,0.602,0.602
3960.jpg,0.7565,0.7565
3961.jpg,0.682,0.682
3962.jpg,0.762,0.762
3963.jpg,0.652,0.652
3964.jpg,0.7555,0.7555
3965.jpg,0.7845,0.7845
3966.jpg,0.765,0.765
3967.jpg,0.7955,0.7955
3969.jpg,0.599,0.599
3970.jpg,0.7535,0.7535
3974.jpg,0.755,0.755
3975.jpg,0.7585,0.7585
3976.jpg,0.5001,0.7665
3977.jpg,0.6595,0.6595
3978.jpg,0.742,0.742
3979.jpg,0.716,0.716
3980.jpg,0.7515,0.7515
3981.jpg,0.6935,0.6935
3982.jpg,0.7015,0.7015
3983.jpg,0.754,0.754
3984.jpg,0.7725,0.7725
3986.jpg,0.7705,0.7705
3987.jpg,0.751,0.751
3990.jpg,0.694,0.694
3992.jpg,0.7265,0.7265
3993.jpg,0.6165,0.6165
3996.jpg,0.7385,0.7385
3998.jpg,0.733,0.733
3999.jpg,0.674,0.674
4000.jpg,0.6975,0.6975
4003.jpg,0.723,0.723
4004.jpg,0.735,0.735
4006.jpg,0.738,0.738
4008.jpg,0.7445,0.7445
4009.jpg,0.7565,0.7565
4011.jpg,0.833,0.833
4014.jpg,0.753,0.753
4015.jpg,0.704,0.704
4016.jpg,0.711,0.711
4017.jpg,0.808,0.808
4018.jpg,0.652,0.652
4019.jpg,0.5985,0.5985
4022.jpg,0.8245,0.7745
4024.jpg,0.6745,0.6745
4025.jpg,0.754,0.754
4026.jpg,0.761,0.761
4027.jpg,0.7595,0.7595
4028.jpg,0.777,0.777
4030.jpg,0.7945,0.7945
4031.jpg,0.719,0.719
4032.jpg,0.7775,0.7775
4033.jpg,0.6485,0.6485
4035.jpg,0.6465,0.6465
4036.jpg,0.777,0.777
4037.jpg,0.7575,0.7575
4038.jpg,0.793,0.793
4041.jpg,0.6865,0.6865
4042.jpg,0.73,0.73
4043.jpg,0.5001,0.67
4044.jpg,0.783,0.783
4045.jpg,0.7635,0.7635
4046.jpg,0.689,0.689
4047.jpg,0.6465,0.6465
4048.jpg,0.765,0.765
4051.jpg,0.6475,0.6475
4052.jpg,0.69,0.69
4053.jpg,0.705,0.705
4054.jpg,0.7625,0.7625
4055.jpg,0.737,0.737
4056.jpg,0.8045,0.8045
4057.jpg,0.695,0.695
4059.jpg,0.817,0.757
4060.jpg,0.716,0.716
4062.jpg,0.827,0.827
4065.jpg,0.7255,0.7255
4066.jpg,0.711,0.711
4067.jpg,0.673,0.673
4069.jpg,0.7745,0.7745
4070.jpg,0.7645,0.7645
4071.jpg,0.6915,0.6915
4073.jpg,0.744,0.744
4076.jpg,0.749,0.749
4077.jpg,0.7705,0.7705
4078.jpg,0.7385,0.7385
4079.jpg,0.7655,0.7655
4080.jpg,0.688,0.688
4081.jpg,0.708,0.708
4082.jpg,0.682,0.682
4083.jpg,0.7755,0.7755
4087.jpg,0.7725,0.7725
4088.jpg,0.83,0.83
4090.jpg,0.741,0.741
4091.jpg,0.7285,0.7285
4092.jpg,0.776,0.776
4093.jpg,0.6985,0.6985
4094.jpg,0.678,0.678
4095.jpg,0.688,0.688
4096.jpg,0.7875,0.7875
4097.jpg,0.7615,0.7615
4098.jpg,0.8235,0.8235
4099.jpg,0.7555,0.7555
4100.jpg,0.7155,0.7155
4101.jpg,0.679,0.679
4102.jpg,0.7725,0.7725
4103.jpg,0.818,0.818
4104.jpg,0.8,0.8
4107.jpg,0.7545,0.7545
4108.jpg,0.779,0.779
4109.jpg,0.715,0.715
4110.jpg,0.772,0.772
4112.jpg,0.7245,0.7245
4113.jpg,0.696,0.696
4114.jpg,0.7705,0.7705
4115.jpg,0.776,0.776
4117.jpg,0.722,0.722
4118.jpg,0.732,0.732
4119.jpg,0.7865,0.7165
4126.jpg,0.6955,0.6955
4127.jpg,0.6685,0.6685
4128.jpg,0.771,0.771
4129.jpg,0.752,0.752
4130.jpg,0.766,0.766
4131.jpg,0.7725,0.7725
4132.jpg,0.707,0.707
4133.jpg,0.7135,0.7135
4135.jpg,0.7365,0.7365
4136.jpg,0.747,0.747
4137.jpg,0.698,0.698
4139.jpg,0.713,0.713
4140.jpg,0.7105,0.7105
4141.jpg,0.744,0.744
4143.jpg,0.762,0.762
4144.jpg,0.7155,0.7155
4145.jpg,0.752,0.752
4146.jpg,0.7365,0.7365
4147.jpg,0.6915,0.6915
4148.jpg,0.7535,0.7535
4149.jpg,0.7755,0.7755
4150.jpg,0.7485,0.7485
4151.jpg,0.682,0.682
4153.jpg,0.5001,0.744
4155.jpg,0.6585,0.6585
4156.jpg,0.6915,0.6915
4157.jpg,0.6995,0.6995
4158.jpg,0.7695,0.7695
4159.jpg,0.6665,0.6665
4161.jpg,0.718,0.718
4165.jpg,0.7555,0.7555
4166.jpg,0.728,0.728
4167.jpg,0.6815,0.6815
4169.jpg,0.7795,0.7795
4170.jpg,0.6955,0.6955
4171.jpg,0.683,0.683
4172.jpg,0.6885,0.6885
4173.jpg,0.713,0.713
4174.jpg,0.7245,0.7245
4175.jpg,0.6905,0.6905
4176.jpg,0.7175,0.7175
4177.jpg,0.658,0.658
4179.jpg,0.793,0.793
4181.jpg,0.8265,0.8265
4183.jpg,0.745,0.745
4185.jpg,0.7575,0.7575
4188.jpg,0.812,0.712
4189.jpg,0.6995,0.6995
4191.jpg,0.725,0.725
4192.jpg,0.7415,0.7415
4194.jpg,0.7685,0.7685
4195.jpg,0.7045,0.7045
4197.jpg,0.707,0.707
4198.jpg,0.7765,0.7765
4199.jpg,0.767,0.767
4201.jpg,0.7995,0.7995
4203.jpg,0.696,0.696
4204.jpg,0.7235,0.7235
4206.jpg,0.7715,0.7715
4207.jpg,0.6725,0.6725
4208.jpg,0.742,0.742
4209.jpg,0.6885,0.6885
4210.jpg,0.7595,0.7595
4214.jpg,0.7325,0.7325
4215.jpg,0.7465,0.7465
4216.jpg,0.6515,0.6515
4218.jpg,0.728,0.728
4220.jpg,0.777,0.777
4221.jpg,0.7195,0.7195
4222.jpg,0.6945,0.6945
4226.jpg,0.7085,0.7085
4227.jpg,0.7265,0.7265
4228.jpg,0.7965,0.7965
4230.jpg,0.77,0.77
4231.jpg,0.729,0.729
4232.jpg,0.78,0.78
4233.jpg,0.6905,0.6905
4234.jpg,0.707,0.707
4235.jpg,0.731,0.731
4239.jpg,0.7665,0.7665
4241.jpg,0.834,0.834
4242.jpg,0.7255,0.7255
4243.jpg,0.7195,0.7195
4244.jpg,0.6835,0.6835
4245.jpg,0.808,0.808
4246.jpg,0.7495,0.7495
4247.jpg,0.4001,0.738
4250.jpg,0.696,0.696
4251.jpg,0.7945,0.7945
4252.jpg,0.603,0.603
4253.jpg,0.6945,0.6945
4254.jpg,0.8145,0.8145
4256.jpg,0.7335,0.7335
4258.jpg,0.813,0.813
4259.jpg,0.763,0.763
4260.jpg,0.7915,0.7915
4261.jpg,0.781,0.781
4262.jpg,0.744,0.744
4263.jpg,0.7965,0.7965
4264.jpg,0.654,0.654
4265.jpg,0.821,0.821
4266.jpg,0.673,0.673
4267.jpg,0.7735,0.7735
4268.jpg,0.7215,0.7215
4269.jpg,0.7435,0.7435
4270.jpg,0.759,0.759
4271.jpg,0.764,0.764
4272.jpg,0.7395,0.7395
4273.jpg,0.7935,0.7935
4274.jpg,0.632,0.632
4276.jpg,0.72,0.72
4277.jpg,0.759,0.759
4278.jpg,0.715,0.715
4279.jpg,0.5001,0.7845
4280.jpg,0.7905,0.7905
4282.jpg,0.775,0.775
4283.jpg,0.7145,0.7145
4285.jpg,0.792,0.792
4286.jpg,0.7685,0.7685
4287.jpg,0.7195,0.7195
4288.jpg,0.801,0.801
4289.jpg,0.7205,0.7205
4290.jpg,0.7525,0.7525
4292.jpg,0.703,0.703
4293.jpg,0.753,0.753
4297.jpg,0.609,0.609
4298.jpg,0.717,0.717
4299.jpg,0.718,0.718
4300.jpg,0.71,0.71
4301.jpg,0.6555,0.6555
4302.jpg,0.657,0.657
4304.jpg,0.776,0.776
4305.jpg,0.748,0.748
4306.jpg,0.7375,0.7375
4307.jpg,0.7625,0.7625
4308.jpg,0.709,0.709
4309.jpg,0.6935,0.6935
4310.jpg,0.752,0.752
4311.jpg,0.6485,0.6485
4312.jpg,0.831,0.701
4314.jpg,0.81,0.71
4316.jpg,0.693,0.693
4318.jpg,0.7245,0.7245
4321.jpg,0.7505,0.7505
4323.jpg,0.6985,0.6985
4325.jpg,0.658,0.658
4327.jpg,0.766,0.766
4328.jpg,0.7125,0.7125
4330.jpg,0.7245,0.7245
4334.jpg,0.8,0.75
4337.jpg,0.6505,0.6505
4338.jpg,0.684,0.684
4340.jpg,0.866,0.766
4342.jpg,0.8,0.8
4344.jpg,0.662,0.662
4345.jpg,0.7305,0.7305
4346.jpg,0.72,0.72
4347.jpg,0.7565,0.7565
4348.jpg,0.5001,0.653
4349.jpg,0.7095,0.7095
4350.jpg,0.749,0.749
4351.jpg,0.787,0.787
4358.jpg,0.5001,0.7765
4359.jpg,0.6405,0.6405
4360.jpg,0.7865,0.7865
4361.jpg,0.777,0.777
4362.jpg,0.7805,0.7805
4363.jpg,0.775,0.775
4364.jpg,0.795,0.795
4366.jpg,0.664,0.664
4367.jpg,0.792,0.792
4368.jpg,0.7075,0.7075
4371.jpg,0.772,0.772
4373.jpg,0.6855,0.6855
4374.jpg,0.7625,0.7625
4375.jpg,0.6685,0.6685
4376.jpg,0.7075,0.7075
4377.jpg,0.691,0.691
4378.jpg,0.7195,0.7195
4379.jpg,0.728,0.728
4380.jpg,0.8064,0.664
4382.jpg,0.7545,0.7545
4384.jpg,0.82,0.82
4385.jpg,0.6955,0.6955
4386.jpg,0.726,0.726
4387.jpg,0.7975,0.7975
4388.jpg,0.6775,0.6775
4390.jpg,0.648,0.648
4392.jpg,0.6675,0.6675
4394.jpg,0.759,0.759
4395.jpg,0.7705,0.7705
4396.jpg,0.6495,0.6495
4397.jpg,0.768,0.768
4398.jpg,0.7695,0.7695
4399.jpg,0.731,0.731
4400.jpg,0.7755,0.7755
4401.jpg,0.7735,0.7735
4403.jpg,0.7265,0.7265
4404.jpg,0.807,0.807
4405.jpg,0.636,0.636
4408.jpg,0.8095,0.8095
4409.jpg,0.6635,0.6635
4410.jpg,0.7675,0.7675
4411.jpg,0.68,0.68
4413.jpg,0.657,0.657
4414.jpg,0.6755,0.6755
4415.jpg,0.6905,0.6905
4416.jpg,0.736,0.736
4417.jpg,0.7615,0.7615
4418.jpg,0.7125,0.7125
4419.jpg,0.6895,0.6895
4420.jpg,0.73,0.73
4421.jpg,0.6915,0.6915
4422.jpg,0.766,0.766
4423.jpg,0.829,0.829
4424.jpg,0.789,0.789
4426.jpg,0.692,0.692
4428.jpg,0.737,0.737
4429.jpg,0.7685,0.7685
4432.jpg,0.7535,0.7535
4433.jpg,0.7245,0.7245
4434.jpg,0.5001,0.7475
4435.jpg,0.7395,0.7395
4437.jpg,0.7165,0.7165
4438.jpg,0.7885,0.7885
4439.jpg,0.719,0.719
4440.jpg,0.5001,0.7125
4441.jpg,0.7765,0.7765
4442.jpg,0.6735,0.6735
4444.jpg,0.815,0.815
4445.jpg,0.757,0.757
4446.jpg,0.782,0.782
4447.jpg,0.727,0.727
4448.jpg,0.704,0.704
4450.jpg,0.658,0.658
4451.jpg,0.7345,0.7345
4453.jpg,0.739,0.739
4454.jpg,0.832,0.832
4457.jpg,0.752,0.752
4458.jpg,0.711,0.711
4460.jpg,0.638,0.638
4465.jpg,0.757,0.757
4466.jpg,0.703,0.703
4468.jpg,0.756,0.756
4469.jpg,0.7645,0.7645
4470.jpg,0.717,0.717
4471.jpg,0.689,0.689
4472.jpg,0.759,0.759
4473.jpg,0.727,0.727
4474.jpg,0.8275,0.8275
4476.jpg,0.7645,0.7645
4477.jpg,0.8,0.8
4479.jpg,0.7475,0.7475
4480.jpg,0.7895,0.7895
4481.jpg,0.739,0.739
4482.jpg,0.8055,0.7955
4486.jpg,0.75,0.75
4487.jpg,0.7555,0.7555
4489.jpg,0.727,0.727
4490.jpg,0.7185,0.7185
4491.jpg,0.8215,0.8215
4492.jpg,0.728,0.728
4493.jpg,0.5001,0.7495
4496.jpg,0.759,0.759
4497.jpg,0.7435,0.7435
4498.jpg,0.6915,0.6915
4500.jpg,0.716,0.716
4501.jpg,0.7525,0.7525
4502.jpg,0.792,0.792
4504.jpg,0.787,0.787
4506.jpg,0.725,0.725
4507.jpg,0.831,0.831
4508.jpg,0.684,0.684
4510.jpg,0.697,0.697
4511.jpg,0.7175,0.7175
4512.jpg,0.809,0.809
4514.jpg,0.762,0.762
4516.jpg,0.7635,0.7635
4519.jpg,0.663,0.663
4520.jpg,0.7535,0.7535
4521.jpg,0.8155,0.8155
4522.jpg,0.759,0.759
4523.jpg,0.731,0.731
4526.jpg,0.809,0.809
4527.jpg,0.728,0.728
4528.jpg,0.6735,0.6735
4529.jpg,0.683,0.683
4531.jpg,0.7925,0.7925
4532.jpg,0.7045,0.7045
4533.jpg,0.6405,0.6405
4535.jpg,0.664,0.664
4536.jpg,0.779,0.729
4537.jpg,0.776,0.776
4538.jpg,0.751,0.751
4539.jpg,0.68,0.68
4540.jpg,0.771,0.771
4541.jpg,0.769,0.769
4545.jpg,0.692,0.692
4546.jpg,0.6555,0.6555
4547.jpg,0.8045,0.8045
4548.jpg,0.798,0.798
4549.jpg,0.709,0.709
4550.jpg,0.721,0.721
4551.jpg,0.735,0.735
4552.jpg,0.802,0.802
4553.jpg,0.774,0.774
4554.jpg,0.7085,0.7085
4555.jpg,0.7705,0.7705
4558.jpg,0.656,0.656
4560.jpg,0.755,0.755
4562.jpg,0.6945,0.6945
4564.jpg,0.7645,0.7145
4567.jpg,0.7295,0.7295
4568.jpg,0.7655,0.7655
4569.jpg,0.8085,0.8085
4570.jpg,0.7575,0.7575
4571.jpg,0.772,0.772
4572.jpg,0.717,0.717
4574.jpg,0.7815,0.7815
4575.jpg,0.83,0.77
4576.jpg,0.7605,0.7605
4578.jpg,0.675,0.675
4579.jpg,0.7035,0.7035
4580.jpg,0.7695,0.7695
4581.jpg,0.7,0.7
4582.jpg,0.5001,0.7485
4583.jpg,0.8245,0.7245
4584.jpg,0.736,0.736
4586.jpg,0.6645,0.6645
4588.jpg,0.7495,0.7495
4589.jpg,0.632,0.632
4590.jpg,0.694,0.694
4591.jpg,0.6905,0.6905
4592.jpg,0.754,0.754
4593.jpg,0.697,0.697
4594.jpg,0.5001,0.8
4595.jpg,0.7285,0.7285
4596.jpg,0.694,0.694
4598.jpg,0.714,0.714
4601.jpg,0.589,0.589
4602.jpg,0.729,0.729
4603.jpg,0.743,0.743
4606.jpg,0.7635,0.7635
4608.jpg,0.797,0.797
4609.jpg,0.699,0.699
4610.jpg,0.652,0.652
4612.jpg,0.69,0.69
4613.jpg,0.749,0.749
4614.jpg,0.6865,0.6865
4615.jpg,0.729,0.729
4619.jpg,0.7665,0.7665
4620.jpg,0.777,0.777
4622.jpg,0.7335,0.7335
4623.jpg,0.7615,0.7615
4625.jpg,0.757,0.757
4628.jpg,0.681,0.681
4629.jpg,0.7675,0.7675
4632.jpg,0.7665,0.7665
4635.jpg,0.7105,0.7105
4636.jpg,0.78,0.78
4637.jpg,0.6995,0.6995
4638.jpg,0.645,0.645
4639.jpg,0.6615,0.6615
4641.jpg,0.674,0.674
4643.jpg,0.7815,0.7815
4644.jpg,0.648,0.648
4645.jpg,0.691,0.691
4646.jpg,0.7705,0.7705
4647.jpg,0.6765,0.6765
4648.jpg,0.7975,0.7975
4650.jpg,0.748,0.748
4654.jpg,0.7335,0.7335
4656.jpg,0.5001,0.7725
4657.jpg,0.7775,0.7775
4658.jpg,0.6615,0.6615
4659.jpg,0.684,0.684
4660.jpg,0.662,0.662
4662.jpg,0.6095,0.6095
4664.jpg,0.7845,0.7845
4665.jpg,0.727,0.727
4666.jpg,0.7395,0.7395
4667.jpg,0.6875,0.6875
4668.jpg,0.6885,0.6885
4670.jpg,0.799,0.799
4671.jpg,0.7545,0.7545
4672.jpg,0.718,0.718
4673.jpg,0.7525,0.7525
4674.jpg,0.7905,0.7905
4676.jpg,0.712,0.712
4677.jpg,0.725,0.725
4680.jpg,0.7095,0.7095
4681.jpg,0.828,0.828
4683.jpg,0.694,0.694
4685.jpg,0.8295,0.7995
4687.jpg,0.5001,0.732
4689.jpg,0.726,0.726
4690.jpg,0.811,0.811
4693.jpg,0.634,0.634
4694.jpg,0.6765,0.6765
4695.jpg,0.756,0.756
4696.jpg,0.7365,0.7365
4697.jpg,0.7215,0.7215
4698.jpg,0.823,0.823
4699.jpg,0.783,0.783
4701.jpg,0.773,0.773
4703.jpg,0.7475,0.7475
4706.jpg,0.7715,0.7715
4708.jpg,0.6665,0.6665
4712.jpg,0.638,0.638
4713.jpg,0.824,0.824
4714.jpg,0.7065,0.7065
4715.jpg,0.716,0.716
4716.jpg,0.6555,0.6555
4717.jpg,0.753,0.753
4718.jpg,0.7245,0.7245
4719.jpg,0.7,0.7
4722.jpg,0.7295,0.7295
4724.jpg,0.699,0.699
4725.jpg,0.7085,0.7085
4726.jpg,0.6975,0.6975
4727.jpg,0.7625,0.7625
4728.jpg,0.77,0.77
4729.jpg,0.725,0.725
4730.jpg,0.753,0.753
4731.jpg,0.742,0.742
4733.jpg,0.7095,0.7095
4734.jpg,0.7605,0.7605
4736.jpg,0.7185,0.7185
4737.jpg,0.8325,0.8325
4739.jpg,0.7155,0.7155
4740.jpg,0.722,0.722
4742.jpg,0.7545,0.7545
4743.jpg,0.8085,0.8085
4745.jpg,0.6905,0.6905
4747.jpg,0.706,0.706
4748.jpg,0.6715,0.6715
4749.jpg,0.7315,0.7315
4750.jpg,0.6865,0.6865
4752.jpg,0.745,0.745
4753.jpg,0.795,0.795
4755.jpg,0.728,0.728
4756.jpg,0.634,0.634
4757.jpg,0.7885,0.7885
4758.jpg,0.635,0.635
4760.jpg,0.7265,0.7265
4761.jpg,0.6955,0.6955
4763.jpg,0.781,0.781
4764.jpg,0.6925,0.6925
4765.jpg,0.8035,0.8035
4766.jpg,0.777,0.777
4768.jpg,0.8345,0.8345
4769.jpg,0.7865,0.7865
4770.jpg,0.7335,0.7335
4772.jpg,0.7325,0.7325
4773.jpg,0.793,0.793
4774.jpg,0.6925,0.6925
4775.jpg,0.6875,0.6875
4778.jpg,0.695,0.695
4780.jpg,0.766,0.766
4781.jpg,0.712,0.712
4782.jpg,0.5955,0.5955
4785.jpg,0.712,0.712
4786.jpg,0.6745,0.6745
4788.jpg,0.739,0.739
4789.jpg,0.685,0.685
4790.jpg,0.7,0.7
4791.jpg,0.72,0.72
4792.jpg,0.716,0.716
4793.jpg,0.69,0.69
4794.jpg,0.7485,0.7485
4795.jpg,0.669,0.669
4796.jpg,0.7105,0.7105
4797.jpg,0.7355,0.7355
4798.jpg,0.774,0.774
4799.jpg,0.65,0.65
4800.jpg,0.7005,0.7005
4801.jpg,0.7345,0.7345
4802.jpg,0.74,0.74
4803.jpg,0.792,0.792
4804.jpg,0.687,0.687
4805.jpg,0.731,0.731
4806.jpg,0.753,0.753
4807.jpg,0.761,0.761
4808.jpg,0.6555,0.6555
4809.jpg,0.7275,0.7275
4810.jpg,0.8205,0.8205
4811.jpg,0.694,0.694
4812.jpg,0.6895,0.6895
4813.jpg,0.816,0.816
4814.jpg,0.764,0.764
4816.jpg,0.7775,0.7775
4817.jpg,0.7785,0.7785
4818.jpg,0.7615,0.7615
4819.jpg,0.8115,0.7615
4820.jpg,0.7855,0.7855
4822.jpg,0.703,0.703
4824.jpg,0.656,0.656
4827.jpg,0.753,0.753
4828.jpg,0.7715,0.7715
4831.jpg,0.6765,0.6765
4832.jpg,0.747,0.747
4834.jpg,0.714,0.714
4836.jpg,0.6895,0.6895
4837.jpg,0.77,0.77
4838.jpg,0.7875,0.7875
4839.jpg,0.6905,0.6905
4840.jpg,0.706,0.706
4841.jpg,0.5001,0.728
4843.jpg,0.7365,0.7365
4844.jpg,0.7585,0.7585
4845.jpg,0.754,0.754
4846.jpg,0.754,0.754
4847.jpg,0.7535,0.7535
4848.jpg,0.6855,0.6855
4850.jpg,0.717,0.717
4851.jpg,0.759,0.759
4852.jpg,0.8157,0.757
4854.jpg,0.747,0.747
4858.jpg,0.6735,0.6735
4859.jpg,0.7865,0.7865
4861.jpg,0.7975,0.7975
4863.jpg,0.799,0.799
4866.jpg,0.6475,0.6475
4867.jpg,0.7145,0.7145
4870.jpg,0.7405,0.7405
4871.jpg,0.762,0.762
4872.jpg,0.802,0.802
4873.jpg,0.691,0.691
4874.jpg,0.7025,0.7025
4875.jpg,0.713,0.713
4876.jpg,0.7315,0.7315
4877.jpg,0.7125,0.7125
4878.jpg,0.6975,0.6975
4879.jpg,0.7425,0.7425
4881.jpg,0.6615,0.6615
4882.jpg,0.7295,0.7295
4883.jpg,0.6965,0.6965
4885.jpg,0.701,0.701
4886.jpg,0.74,0.74
4887.jpg,0.7715,0.7715
4889.jpg,0.6855,0.6855
4890.jpg,0.722,0.722
4892.jpg,0.7105,0.7105
4894.jpg,0.774,0.774
4895.jpg,0.7595,0.7595
4896.jpg,0.812,0.812
4897.jpg,0.694,0.694
4900.jpg,0.704,0.704
4901.jpg,0.748,0.748
4902.jpg,0.752,0.752
4904.jpg,0.7105,0.7105
4905.jpg,0.78,0.78
4906.jpg,0.783,0.783
4907.jpg,0.814,0.814
4909.jpg,0.716,0.716
4911.jpg,0.7285,0.7285
4912.jpg,0.644,0.644
4913.jpg,0.6675,0.6675
4915.jpg,0.7935,0.7935
4916.jpg,0.72,0.72
4917.jpg,0.765,0.765
4918.jpg,0.7255,0.7255
4921.jpg,0.5001,0.821
4922.jpg,0.6655,0.6655
4923.jpg,0.7105,0.7105
4924.jpg,0.7425,0.7425
4925.jpg,0.7895,0.7895
4927.jpg,0.5945,0.5945
4928.jpg,0.674,0.674
4929.jpg,0.7015,0.7015
4931.jpg,0.5001,0.773
4932.jpg,0.728,0.728
4933.jpg,0.763,0.763
4934.jpg,0.796,0.796
4935.jpg,0.7735,0.7735
4938.jpg,0.7165,0.7165
4939.jpg,0.7105,0.7105
4940.jpg,0.7,0.7
4941.jpg,0.7235,0.7235
4943.jpg,0.804,0.804
4944.jpg,0.779,0.779
4945.jpg,0.7215,0.7215
4946.jpg,0.725,0.725
4947.jpg,0.6985,0.6985
4948.jpg,0.742,0.742
4949.jpg,0.696,0.696
4950.jpg,0.748,0.748
4951.jpg,0.777,0.777
4954.jpg,0.6435,0.6435
4955.jpg,0.88,0.7215
4957.jpg,0.6905,0.6905
4959.jpg,0.674,0.674
4960.jpg,0.747,0.747
4961.jpg,0.714,0.714
4962.jpg,0.799,0.799
4964.jpg,0.6425,0.6425
4965.jpg,0.7465,0.7465
4966.jpg,0.64,0.64
4969.jpg,0.66,0.66
4970.jpg,0.7965,0.7965
4971.jpg,0.752,0.752
4972.jpg,0.7585,0.7585
4973.jpg,0.7195,0.7195
4974.jpg,0.7045,0.7045
4975.jpg,0.794,0.794
4976.jpg,0.775,0.775
4978.jpg,0.789,0.789
4979.jpg,0.7525,0.7525
4980.jpg,0.707,0.707
4981.jpg,0.5001,0.7315
4982.jpg,0.7145,0.7145
4983.jpg,0.758,0.758
4984.jpg,0.7385,0.7385
4986.jpg,0.5001,0.679
4988.jpg,0.6625,0.6625
4990.jpg,0.7605,0.7605
4991.jpg,0.838,0.798
4992.jpg,0.7635,0.7635
4994.jpg,0.8085,0.8085
4995.jpg,0.821,0.821
4996.jpg,0.779,0.779
4999.jpg,0.7725,0.7725
5002.jpg,0.7425,0.7425
5004.jpg,0.722,0.722
5007.jpg,0.753,0.753
5010.jpg,0.809,0.809
5011.jpg,0.7675,0.7675
5014.jpg,0.7345,0.7345
5015.jpg,0.7605,0.7605
5016.jpg,0.7335,0.7335
5020.jpg,0.8075,0.8075
5021.jpg,0.7475,0.7475
5022.jpg,0.6645,0.6645
5024.jpg,0.767,0.767
5026.jpg,0.7205,0.7205
5027.jpg,0.677,0.677
5028.jpg,0.7065,0.7065
5029.jpg,0.767,0.767
5030.jpg,0.821,0.821
5032.jpg,0.823,0.823
5034.jpg,0.748,0.748
5035.jpg,0.745,0.745
5037.jpg,0.699,0.699
5038.jpg,0.7265,0.7265
5039.jpg,0.737,0.737
5040.jpg,0.7135,0.7135
5041.jpg,0.7925,0.7925
5042.jpg,0.7555,0.7555
5044.jpg,0.6955,0.6955
5045.jpg,0.7455,0.7455
5046.jpg,0.7285,0.7285
5047.jpg,0.7405,0.7405
5049.jpg,0.733,0.733
5050.jpg,0.6395,0.6395
5052.jpg,0.697,0.697
5054.jpg,0.7285,0.7285
5055.jpg,0.765,0.765
5056.jpg,0.728,0.728
5057.jpg,0.742,0.742
5058.jpg,0.7695,0.7695
5060.jpg,0.733,0.733
5061.jpg,0.762,0.762
5063.jpg,0.7865,0.7865
5066.jpg,0.8,0.8
5068.jpg,0.738,0.738
5069.jpg,0.805,0.805
5070.jpg,0.7305,0.7305
5071.jpg,0.745,0.745
5072.jpg,0.704,0.704
5073.jpg,0.7105,0.7105
5074.jpg,0.7365,0.7365
5076.jpg,0.727,0.727
5079.jpg,0.8495,0.7095
5082.jpg,0.731,0.731
5084.jpg,0.7525,0.7525
5085.jpg,0.685,0.685
5086.jpg,0.742,0.742
5087.jpg,0.5001,0.7545
5089.jpg,0.6595,0.6595
5090.jpg,0.7715,0.7715
5091.jpg,0.7595,0.7595
5092.jpg,0.6525,0.6525
5093.jpg,0.818,0.818
5094.jpg,0.6915,0.6915
5096.jpg,0.631,0.631
5097.jpg,0.737,0.737
5098.jpg,0.7615,0.7615
5100.jpg,0.6525,0.6525
5102.jpg,0.7535,0.7535
5103.jpg,0.699,0.699
5104.jpg,0.6925,0.6925
5106.jpg,0.7475,0.7475
5107.jpg,0.766,0.766
5108.jpg,0.6565,0.6565
5109.jpg,0.727,0.727
5112.jpg,0.692,0.692
5113.jpg,0.729,0.729
5115.jpg,0.747,0.747
5117.jpg,0.7385,0.7385
5118.jpg,0.6615,0.6615
5119.jpg,0.751,0.751
5122.jpg,0.7785,0.7785
5123.jpg,0.6775,0.6775
5124.jpg,0.6001,0.7725
5125.jpg,0.705,0.705
5126.jpg,0.5001,0.7165
5127.jpg,0.756,0.756
5128.jpg,0.7435,0.7435
5130.jpg,0.756,0.756
5132.jpg,0.699,0.699
5133.jpg,0.7425,0.7425
5134.jpg,0.7855,0.7855
5136.jpg,0.7565,0.7565
5138.jpg,0.771,0.771
5139.jpg,0.7425,0.7425
5140.jpg,0.7075,0.7075
5141.jpg,0.634,0.634
5143.jpg,0.763,0.763
5144.jpg,0.681,0.681
5145.jpg,0.7765,0.7765
5146.jpg,0.749,0.749
5147.jpg,0.677,0.677
5148.jpg,0.7175,0.7175
5153.jpg,0.7585,0.7585
5155.jpg,0.75,0.75
5156.jpg,0.749,0.749
5157.jpg,0.7715,0.7715
5158.jpg,0.727,0.727
5160.jpg,0.6885,0.6885
5162.jpg,0.748,0.748
5163.jpg,0.775,0.775
5164.jpg,0.7425,0.7425
5166.jpg,0.734,0.734
5167.jpg,0.7805,0.7805
5169.jpg,0.664,0.664
5170.jpg,0.6735,0.6735
5171.jpg,0.7125,0.7125
5172.jpg,0.7655,0.7655
5174.jpg,0.776,0.776
5176.jpg,0.7925,0.7925
5178.jpg,0.7565,0.7565
5179.jpg,0.699,0.699
5180.jpg,0.777,0.777
5181.jpg,0.695,0.695
5182.jpg,0.6625,0.6625
5183.jpg,0.725,0.725
5184.jpg,0.694,0.694
5185.jpg,0.7045,0.7045
5186.jpg,0.7455,0.7055
5187.jpg,0.6305,0.6305
5189.jpg,0.8,0.752
5190.jpg,0.704,0.704
5191.jpg,0.781,0.781
5192.jpg,0.7105,0.7105
5193.jpg,0.644,0.644
5194.jpg,0.696,0.696
5196.jpg,0.7335,0.7335
5198.jpg,0.682,0.682
5199.jpg,0.6575,0.6575
5200.jpg,0.703,0.703
5202.jpg,0.691,0.691
5204.jpg,0.77,0.77
5206.jpg,0.7605,0.7605
5207.jpg,0.6595,0.6595
5208.jpg,0.75,0.75
5210.jpg,0.6275,0.6275
5211.jpg,0.757,0.757
5212.jpg,0.738,0.738
5213.jpg,0.795,0.795
5215.jpg,0.7305,0.7305
5216.jpg,0.7875,0.7875
5217.jpg,0.765,0.765
5218.jpg,0.815,0.815
5219.jpg,0.713,0.713
5220.jpg,0.679,0.679
5221.jpg,0.734,0.734
5223.jpg,0.7265,0.7265
5224.jpg,0.7065,0.7065
5225.jpg,0.739,0.739
5226.jpg,0.753,0.753
5227.jpg,0.7945,0.7945
5228.jpg,0.7345,0.7345
5229.jpg,0.7255,0.7255
5230.jpg,0.8185,0.8185
5231.jpg,0.7515,0.7515
5232.jpg,0.748,0.748
5233.jpg,0.645,0.645
5234.jpg,0.7395,0.7395
5236.jpg,0.667,0.667
5238.jpg,0.704,0.704
5241.jpg,0.683,0.683
5242.jpg,0.7735,0.7735
5243.jpg,0.6035,0.6035
5244.jpg,0.7025,0.7025
5246.jpg,0.7285,0.7285
5247.jpg,0.7715,0.7715
5248.jpg,0.736,0.736
5249.jpg,0.6995,0.6995
5251.jpg,0.7525,0.7525
5253.jpg,0.7225,0.7225
5254.jpg,0.825,0.825
5255.jpg,0.777,0.777
5256.jpg,0.769,0.769
5257.jpg,0.7105,0.7105
5258.jpg,0.654,0.654
5259.jpg,0.7205,0.7205
5260.jpg,0.7755,0.7755
5261.jpg,0.7635,0.7635
5262.jpg,0.7325,0.7325
5263.jpg,0.775,0.775
5267.jpg,0.745,0.745
5268.jpg,0.71,0.71
5269.jpg,0.5001,0.7625
5270.jpg,0.7525,0.7525
5272.jpg,0.7635,0.7635
5274.jpg,0.666,0.666
5275.jpg,0.7775,0.7775
5276.jpg,0.7445,0.7445
5277.jpg,0.674,0.674
5278.jpg,0.7265,0.7265
5280.jpg,0.705,0.705
5281.jpg,0.7885,0.6885
5282.jpg,0.7495,0.7495
5283.jpg,0.781,0.781
5284.jpg,0.7185,0.7185
5286.jpg,0.718,0.718
5287.jpg,0.7245,0.7245
5288.jpg,0.685,0.685
5289.jpg,0.7195,0.7195
5290.jpg,0.782,0.782
5291.jpg,0.7155,0.7155
5294.jpg,0.8345,0.8345
5295.jpg,0.761,0.761
5296.jpg,0.773,0.773
5297.jpg,0.731,0.731
5298.jpg,0.8015,0.8015
5299.jpg,0.7985,0.7985
5300.jpg,0.7185,0.7185
5302.jpg,0.703,0.703
5304.jpg,0.7935,0.7935
5305.jpg,0.718,0.718
5306.jpg,0.7775,0.7775
5307.jpg,0.7825,0.7825
5313.jpg,0.7555,0.7555
5314.jpg,0.699,0.699
5315.jpg,0.7595,0.7595
5316.jpg,0.7295,0.7295
5317.jpg,0.632,0.632
5318.jpg,0.7685,0.7685
5319.jpg,0.717,0.717
5320.jpg,0.7335,0.7335
5322.jpg,0.721,0.721
5323.jpg,0.783,0.783
5329.jpg,0.6405,0.6405
5333.jpg,0.8075,0.8075
5334.jpg,0.751,0.751
5335.jpg,0.708,0.708
5336.jpg,0.8175,0.8175
5337.jpg,0.7715,0.7715
5338.jpg,0.7125,0.7125
5339.jpg,0.744,0.744
5340.jpg,0.708,0.708
5342.jpg,0.737,0.737
5343.jpg,0.7885,0.7885
5344.jpg,0.7255,0.7255
5345.jpg,0.745,0.745
5346.jpg,0.7565,0.7565
5348.jpg,0.721,0.721
5351.jpg,0.638,0.638
5352.jpg,0.7125,0.7125
5353.jpg,0.751,0.751
5354.jpg,0.7435,0.7435
5355.jpg,0.6725,0.6725
5356.jpg,0.7645,0.7645
5357.jpg,0.649,0.649
5358.jpg,0.6975,0.6975
5362.jpg,0.718,0.718
5363.jpg,0.711,0.711
5364.jpg,0.6725,0.6725
5365.jpg,0.7205,0.7205
5366.jpg,0.701,0.701
5367.jpg,0.7895,0.7895
5370.jpg,0.7645,0.7645
5371.jpg,0.7875,0.7875
5372.jpg,0.7495,0.7495
5374.jpg,0.75,0.75
5375.jpg,0.753,0.753
5376.jpg,0.763,0.763
5377.jpg,0.6905,0.6905
5380.jpg,0.6175,0.6175
5381.jpg,0.778,0.778
5382.jpg,0.739,0.739
5383.jpg,0.7275,0.7275
5384.jpg,0.6905,0.6905
5385.jpg,0.7275,0.7275
5386.jpg,0.717,0.717
5387.jpg,0.722,0.722
5388.jpg,0.7325,0.7325
5389.jpg,0.719,0.719
5390.jpg,0.776,0.776
5391.jpg,0.734,0.734
5392.jpg,0.7175,0.7175
5393.jpg,0.6685,0.6685
5395.jpg,0.8095,0.7695
5396.jpg,0.802,0.802
5397.jpg,0.678,0.678
5398.jpg,0.759,0.759
5399.jpg,0.6625,0.6625
5400.jpg,0.865,0.7665
5401.jpg,0.856,0.806
5402.jpg,0.7665,0.7665
5403.jpg,0.769,0.769
5404.jpg,0.772,0.772
5405.jpg,0.688,0.688
5406.jpg,0.7855,0.7855
5409.jpg,0.748,0.748
5411.jpg,0.756,0.756
5415.jpg,0.6575,0.6575
5417.jpg,0.7345,0.7345
5419.jpg,0.7675,0.7675
5420.jpg,0.6765,0.6765
5421.jpg,0.808,0.808
5422.jpg,0.6655,0.6655
5423.jpg,0.691,0.691
5425.jpg,0.699,0.699
5426.jpg,0.6645,0.6645
5428.jpg,0.8265,0.8265
5429.jpg,0.7645,0.7645
5432.jpg,0.751,0.751
5433.jpg,0.7415,0.7415
5434.jpg,0.832,0.832
5435.jpg,0.7335,0.7335
5438.jpg,0.797,0.797
5439.jpg,0.784,0.784
5440.jpg,0.824,0.724
5444.jpg,0.6875,0.6875
5445.jpg,0.7785,0.7785
5447.jpg,0.678,0.678
5448.jpg,0.7635,0.7635
5449.jpg,0.7955,0.7955
5450.jpg,0.6905,0.6905
5451.jpg,0.7845,0.7845
5452.jpg,0.73,0.73
5453.jpg,0.729,0.729
5454.jpg,0.7835,0.7835
5456.jpg,0.7635,0.7635
5457.jpg,0.761,0.761
5458.jpg,0.65,0.65
5459.jpg,0.7285,0.7285
5460.jpg,0.708,0.708
5461.jpg,0.704,0.704
5464.jpg,0.62,0.62
5466.jpg,0.762,0.762
5468.jpg,0.7965,0.7965
5470.jpg,0.693,0.693
5471.jpg,0.6385,0.6385
5472.jpg,0.7895,0.7895
5473.jpg,0.696,0.696
5474.jpg,0.7525,0.7525
5475.jpg,0.6905,0.6905
5476.jpg,0.7325,0.7325
5477.jpg,0.804,0.804
5478.jpg,0.757,0.757
5479.jpg,0.694,0.694
5480.jpg,0.6595,0.6595
5482.jpg,0.744,0.744
5483.jpg,0.6815,0.6815
5485.jpg,0.6605,0.6605
5486.jpg,0.757,0.757
5487.jpg,0.7315,0.7315
5488.jpg,0.8205,0.8205
5490.jpg,0.715,0.715
5491.jpg,0.751,0.751
5492.jpg,0.7345,0.7345
5494.jpg,0.776,0.776
5495.jpg,0.734,0.734
5496.jpg,0.736,0.736
5498.jpg,0.7055,0.7055
5499.jpg,0.7845,0.7845
5501.jpg,0.7035,0.7035
5503.jpg,0.767,0.767
5504.jpg,0.735,0.735
5505.jpg,0.6415,0.6415
5506.jpg,0.598,0.598
5507.jpg,0.659,0.659
5509.jpg,0.823,0.823
5510.jpg,0.7595,0.7595
5511.jpg,0.7375,0.7375
5512.jpg,0.699,0.699
5514.jpg,0.7465,0.7465
5517.jpg,0.7315,0.7315
5519.jpg,0.7705,0.7705
5520.jpg,0.776,0.776
5521.jpg,0.8135,0.8135
5522.jpg,0.8285,0.8285
5523.jpg,0.74,0.74
5525.jpg,0.7725,0.7725
5528.jpg,0.6175,0.6175
5530.jpg,0.706,0.706
5531.jpg,0.8135,0.8135
5532.jpg,0.7305,0.7305
5534.jpg,0.688,0.688
5535.jpg,0.7625,0.7625
5538.jpg,0.7315,0.7315
5539.jpg,0.6515,0.6515
5540.jpg,0.7175,0.7175
5542.jpg,0.5001,0.666
5543.jpg,0.6565,0.6565
5544.jpg,0.7145,0.7145
5545.jpg,0.735,0.735
5546.jpg,0.832,0.832
5547.jpg,0.7425,0.7425
5549.jpg,0.797,0.797
5550.jpg,0.6485,0.6485
5551.jpg,0.7125,0.7125
5552.jpg,0.8165,0.8165
5554.jpg,0.729,0.729
5555.jpg,0.6001,0.6625
5557.jpg,0.691,0.691
5558.jpg,0.773,0.773
5560.jpg,0.7255,0.7255
5562.jpg,0.7465,0.7465
5563.jpg,0.741,0.741
5565.jpg,0.7925,0.7925
5567.jpg,0.7625,0.7625
5568.jpg,0.7325,0.7325
5569.jpg,0.666,0.666
5570.jpg,0.653,0.653
5571.jpg,0.7375,0.7375
5573.jpg,0.77,0.77
5574.jpg,0.7375,0.7375
5576.jpg,0.7555,0.7555
5577.jpg,0.7845,0.7845
5578.jpg,0.7835,0.7835
5579.jpg,0.732,0.732
5582.jpg,0.614,0.614
5583.jpg,0.798,0.798
5584.jpg,0.6615,0.6615
5585.jpg,0.832,0.832
5588.jpg,0.706,0.706
5589.jpg,0.755,0.755
5590.jpg,0.7775,0.7775
5591.jpg,0.735,0.735
5592.jpg,0.7545,0.7545
5593.jpg,0.665,0.665
5595.jpg,0.68,0.68
5596.jpg,0.754,0.754
5599.jpg,0.6665,0.6665
5602.jpg,0.7555,0.7555
5603.jpg,0.722,0.722
5604.jpg,0.6635,0.6635
5605.jpg,0.733,0.733
5606.jpg,0.7205,0.7205
5607.jpg,0.7565,0.7565
5610.jpg,0.696,0.696
5611.jpg,0.742,0.742
5613.jpg,0.796,0.796
5616.jpg,0.701,0.701
5617.jpg,0.8015,0.8015
5619.jpg,0.7475,0.7475
5620.jpg,0.8097,0.697
5622.jpg,0.7605,0.7605
5623.jpg,0.7915,0.7915
5624.jpg,0.749,0.749
5625.jpg,0.649,0.649
5626.jpg,0.7175,0.7175
5630.jpg,0.783,0.783
5631.jpg,0.7795,0.7795
5632.jpg,0.7505,0.7505
5634.jpg,0.639,0.639
5635.jpg,0.767,0.767
5637.jpg,0.727,0.727
5638.jpg,0.6675,0.6675
5639.jpg,0.777,0.777
5640.jpg,0.809,0.809
5641.jpg,0.831,0.831
5643.jpg,0.702,0.702
5644.jpg,0.725,0.725
5645.jpg,0.7595,0.7595
5646.jpg,0.6895,0.6895
5647.jpg,0.6395,0.6395
5649.jpg,0.6815,0.6815
5650.jpg,0.798,0.798
5651.jpg,0.7615,0.7615
5655.jpg,0.801,0.801
5660.jpg,0.6475,0.6475
5661.jpg,0.655,0.655
5662.jpg,0.798,0.798
5663.jpg,0.71,0.71
5664.jpg,0.7515,0.7515
5668.jpg,0.753,0.753
5669.jpg,0.666,0.666
5670.jpg,0.7175,0.7175
5672.jpg,0.6715,0.6715
5673.jpg,0.7585,0.7585
5675.jpg,0.774,0.774
5677.jpg,0.7655,0.7655
5679.jpg,0.7025,0.7025
5680.jpg,0.5001,0.771
5683.jpg,0.6765,0.6765
5684.jpg,0.825,0.7825
5685.jpg,0.8015,0.8015
5686.jpg,0.6615,0.6615
5689.jpg,0.6415,0.6415
5690.jpg,0.747,0.747
5691.jpg,0.776,0.776
5692.jpg,0.712,0.712
5693.jpg,0.7365,0.7365
5694.jpg,0.654,0.654
5696.jpg,0.5001,0.7685
5697.jpg,0.7075,0.7075
5699.jpg,0.7055,0.7055
5700.jpg,0.8,0.774
5701.jpg,0.734,0.734
5703.jpg,0.7025,0.7025
5704.jpg,0.767,0.767
5706.jpg,0.665,0.665
5707.jpg,0.743,0.743
5709.jpg,0.688,0.688
5711.jpg,0.758,0.758
5713.jpg,0.7265,0.7265
5714.jpg,0.7215,0.7215
5715.jpg,0.7355,0.7355
5717.jpg,0.7325,0.7325
5719.jpg,0.6625,0.6625
5722.jpg,0.718,0.718
5725.jpg,0.7915,0.7915
5726.jpg,0.6925,0.6925
5729.jpg,0.7695,0.7695
5730.jpg,0.793,0.793
5732.jpg,0.778,0.778
5733.jpg,0.783,0.783
5734.jpg,0.728,0.728
5735.jpg,0.7,0.7
5736.jpg,0.7785,0.7785
5737.jpg,0.7975,0.7975
5739.jpg,0.678,0.678
5740.jpg,0.808,0.808
5741.jpg,0.7705,0.7705
5742.jpg,0.787,0.787
5744.jpg,0.6665,0.6665
5745.jpg,0.6955,0.6955
5746.jpg,0.71,0.71
5747.jpg,0.7235,0.7235
5748.jpg,0.7785,0.7785
5749.jpg,0.7335,0.7335
5750.jpg,0.637,0.637
5751.jpg,0.5001,0.744
5753.jpg,0.662,0.662
5757.jpg,0.6855,0.6855
5758.jpg,0.7295,0.7295
5763.jpg,0.729,0.729
5764.jpg,0.64,0.64
5765.jpg,0.727,0.727
5766.jpg,0.8325,0.7325
5770.jpg,0.6995,0.6995
5771.jpg,0.7445,0.7445
5772.jpg,0.6515,0.6515
5773.jpg,0.6945,0.6945
5774.jpg,0.804,0.794
5775.jpg,0.7265,0.7265
5776.jpg,0.74,0.74
5777.jpg,0.7595,0.7595
5778.jpg,0.696,0.696
5779.jpg,0.7075,0.7075
5780.jpg,0.7275,0.7275
5781.jpg,0.795,0.795
5784.jpg,0.73,0.73
5785.jpg,0.724,0.724
5786.jpg,0.7835,0.7835
5788.jpg,0.768,0.768
5789.jpg,0.6175,0.6175
5791.jpg,0.822,0.822
5792.jpg,0.792,0.792
5793.jpg,0.5001,0.752
5794.jpg,0.775,0.775
5796.jpg,0.5001,0.719
5798.jpg,0.701,0.701
5800.jpg,0.732,0.732
5801.jpg,0.6815,0.6815
5802.jpg,0.7395,0.7395
5803.jpg,0.6925,0.6925
5805.jpg,0.774,0.774
5806.jpg,0.781,0.781
5807.jpg,0.667,0.667
5811.jpg,0.66,0.66
5812.jpg,0.7105,0.7105
5813.jpg,0.647,0.647
5815.jpg,0.6575,0.6575
5816.jpg,0.702,0.702
5817.jpg,0.7475,0.7475
5818.jpg,0.5001,0.7215
5819.jpg,0.81,0.81
5820.jpg,0.779,0.779
5821.jpg,0.6645,0.6645
5823.jpg,0.702,0.702
5828.jpg,0.8055,0.8055
5829.jpg,0.7585,0.7585
5830.jpg,0.675,0.675
5832.jpg,0.5001,0.7515
5833.jpg,0.766,0.766
5834.jpg,0.77,0.77
5835.jpg,0.694,0.694
5836.jpg,0.703,0.703
5839.jpg,0.76,0.76
5840.jpg,0.673,0.673
5843.jpg,0.72,0.72
5846.jpg,0.7725,0.7725
5848.jpg,0.738,0.738
5849.jpg,0.702,0.702
5851.jpg,0.701,0.701
5852.jpg,0.7495,0.7495
5853.jpg,0.6515,0.6515
5854.jpg,0.7095,0.7095
5855.jpg,0.7975,0.7975
5856.jpg,0.7755,0.7755
5857.jpg,0.7915,0.7915
5859.jpg,0.7065,0.7065
5862.jpg,0.753,0.753
5863.jpg,0.7465,0.7465
5865.jpg,0.717,0.717
5866.jpg,0.7215,0.7215
5869.jpg,0.754,0.754
5870.jpg,0.599,0.599
5871.jpg,0.7815,0.7815
5874.jpg,0.827,0.827
5875.jpg,0.69,0.69
5877.jpg,0.762,0.762
5878.jpg,0.6985,0.6985
5879.jpg,0.742,0.742
5880.jpg,0.7865,0.7865
5881.jpg,0.737,0.737
5882.jpg,0.729,0.729
5884.jpg,0.786,0.786
5885.jpg,0.726,0.726
5886.jpg,0.5001,0.7835
5888.jpg,0.749,0.749
5891.jpg,0.6805,0.6805
5892.jpg,0.6001,0.784
5893.jpg,0.778,0.778
5894.jpg,0.714,0.714
5895.jpg,0.7195,0.7195
5896.jpg,0.725,0.725
5897.jpg,0.796,0.796
5900.jpg,0.7495,0.7495
5901.jpg,0.6895,0.6895
5903.jpg,0.734,0.734
5904.jpg,0.7235,0.7235
5906.jpg,0.5001,0.7705
5908.jpg,0.695,0.695
5909.jpg,0.676,0.676
5911.jpg,0.802,0.802
5913.jpg,0.8075,0.8075
5915.jpg,0.742,0.742
5916.jpg,0.731,0.731
5917.jpg,0.661,0.661
5918.jpg,0.714,0.714
5919.jpg,0.8245,0.7245
5922.jpg,0.721,0.721
5924.jpg,0.746,0.746
5928.jpg,0.7095,0.7095
5929.jpg,0.7745,0.7745
5933.jpg,0.6945,0.6945
5935.jpg,0.8035,0.8035
5936.jpg,0.5001,0.7615
5937.jpg,0.789,0.789
5938.jpg,0.7345,0.7345
5940.jpg,0.787,0.787
5941.jpg,0.7285,0.7285
5942.jpg,0.766,0.766
5944.jpg,0.665,0.665
5945.jpg,0.774,0.774
5946.jpg,0.777,0.777
5947.jpg,0.7145,0.7145
5949.jpg,0.739,0.739
5951.jpg,0.7755,0.7755
5952.jpg,0.7035,0.7035
5953.jpg,0.6375,0.6375
5954.jpg,0.698,0.698
5955.jpg,0.652,0.652
5956.jpg,0.696,0.696
5957.jpg,0.804,0.804
5960.jpg,0.738,0.738
5961.jpg,0.727,0.727
5962.jpg,0.689,0.689
5963.jpg,0.6545,0.6545
5964.jpg,0.765,0.765
5966.jpg,0.73,0.73
5968.jpg,0.7025,0.7025
5969.jpg,0.839,0.809
5970.jpg,0.6805,0.6805
5971.jpg,0.726,0.726
5972.jpg,0.776,0.776
5973.jpg,0.742,0.742
5975.jpg,0.771,0.771
5976.jpg,0.6965,0.6965
5977.jpg,0.6595,0.6595
5978.jpg,0.723,0.723
5979.jpg,0.7525,0.7525
5980.jpg,0.6775,0.6775
5981.jpg,0.687,0.687
5982.jpg,0.7335,0.7335
5983.jpg,0.779,0.779
5984.jpg,0.778,0.778
5985.jpg,0.777,0.777
5986.jpg,0.728,0.728
5987.jpg,0.632,0.632
5989.jpg,0.698,0.698
5991.jpg,0.635,0.635
5992.jpg,0.6575,0.6575
5993.jpg,0.7265,0.7265
5994.jpg,0.74,0.74
5995.jpg,0.7585,0.7585
5996.jpg,0.737,0.737
5997.jpg,0.735,0.735
5998.jpg,0.791,0.791
6000.jpg,0.697,0.697
6001.jpg,0.763,0.763
6002.jpg,0.776,0.776
6003.jpg,0.7115,0.7115
6004.jpg,0.6925,0.6925
6005.jpg,0.8295,0.8295
6006.jpg,0.688,0.688
6007.jpg,0.6425,0.6425
6009.jpg,0.676,0.676
6010.jpg,0.804,0.804
6011.jpg,0.825,0.725
6014.jpg,0.7245,0.7245
6015.jpg,0.796,0.796
6016.jpg,0.7965,0.7965
6023.jpg,0.7185,0.7185
6025.jpg,0.6615,0.6615
6027.jpg,0.6495,0.6495
6028.jpg,0.8245,0.7545
6029.jpg,0.7525,0.7525
6030.jpg,0.7065,0.7065
6032.jpg,0.779,0.779
6033.jpg,0.6835,0.6835
6034.jpg,0.6995,0.6995
6035.jpg,0.7335,0.7335
6036.jpg,0.751,0.751
6037.jpg,0.7105,0.7105
6039.jpg,0.698,0.698
6040.jpg,0.7625,0.7625
6042.jpg,0.743,0.743
6043.jpg,0.71,0.71
6044.jpg,0.672,0.672
6045.jpg,0.699,0.699
6046.jpg,0.7335,0.7335
6047.jpg,0.769,0.769
6048.jpg,0.744,0.744
6049.jpg,0.7645,0.7645
6051.jpg,0.808,0.808
6053.jpg,0.641,0.641
6054.jpg,0.6775,0.6775
6056.jpg,0.7615,0.7615
6057.jpg,0.708,0.708
6059.jpg,0.755,0.755
6060.jpg,0.7355,0.7355
6061.jpg,0.67,0.67
6062.jpg,0.6485,0.6485
6063.jpg,0.779,0.779
6064.jpg,0.8075,0.7675
6065.jpg,0.7325,0.7325
6067.jpg,0.781,0.741
6069.jpg,0.7495,0.7495
6070.jpg,0.7475,0.7475
6071.jpg,0.7315,0.7315
6072.jpg,0.698,0.698
6073.jpg,0.7085,0.7085